zip,zip3,page_exists,coverage_state,indexable_now,authoritative_dev,displayed_dev_pairs,displayed_dev_rows,confirmed,display_over_inclusive,display_under_inclusive,facilities,indexable_after_switch,readiness_class,blocker
01001,010,yes,pass,yes,12,41,173,9,32,3,40,yes,A,SITE_WIDE_DELIVERY_ONLY
01002,010,yes,pass,yes,21,15,46,13,2,8,10,yes,A,SITE_WIDE_DELIVERY_ONLY
01003,010,yes,pass,yes,1,21,89,1,20,0,2,yes,A,SITE_WIDE_DELIVERY_ONLY
01004,010,yes,pass,yes,0,21,90,0,21,0,5,yes,C,ZERO_DEV_FACILITIES_ONLY
01005,010,yes,pass,yes,4,6,9,4,2,0,16,yes,A,SITE_WIDE_DELIVERY_ONLY
01007,010,yes,pass,yes,14,9,52,9,0,5,7,yes,A,SITE_WIDE_DELIVERY_ONLY
01008,010,yes,pass,yes,13,11,28,10,1,3,1,yes,A,SITE_WIDE_DELIVERY_ONLY
01009,010,yes,pass,yes,0,24,79,0,24,0,26,yes,C,ZERO_DEV_FACILITIES_ONLY
01010,010,yes,pass,yes,17,17,34,10,7,7,2,yes,A,SITE_WIDE_DELIVERY_ONLY
01011,010,yes,pass,yes,8,13,18,8,5,0,3,yes,A,SITE_WIDE_DELIVERY_ONLY
01012,010,yes,pass,yes,1,7,9,1,6,0,0,yes,A,SITE_WIDE_DELIVERY_ONLY
01013,010,yes,pass,yes,32,83,414,31,52,1,40,yes,A,SITE_WIDE_DELIVERY_ONLY
01014,010,yes,pass,yes,0,84,512,0,84,0,18,yes,C,ZERO_DEV_FACILITIES_ONLY
01020,010,yes,pass,yes,28,78,449,28,50,0,0,yes,A,SITE_WIDE_DELIVERY_ONLY
01021,010,yes,pass,yes,0,84,512,0,84,0,35,yes,C,ZERO_DEV_FACILITIES_ONLY
01022,010,yes,pass,yes,0,49,224,0,49,0,12,yes,C,ZERO_DEV_FACILITIES_ONLY
01026,010,yes,pass,yes,9,7,19,6,1,3,1,yes,A,SITE_WIDE_DELIVERY_ONLY
01027,010,yes,pass,yes,27,37,127,24,13,3,25,yes,A,SITE_WIDE_DELIVERY_ONLY
01028,010,yes,pass,yes,9,9,32,2,7,7,33,yes,A,SITE_WIDE_DELIVERY_ONLY
01029,010,yes,pass,yes,3,6,16,2,4,1,2,yes,A,SITE_WIDE_DELIVERY_ONLY
01030,010,yes,pass,yes,9,20,79,6,14,3,28,yes,A,SITE_WIDE_DELIVERY_ONLY
01031,010,yes,pass,yes,3,6,8,3,3,0,6,yes,A,SITE_WIDE_DELIVERY_ONLY
01032,010,yes,pass,yes,7,16,32,7,9,0,7,yes,A,SITE_WIDE_DELIVERY_ONLY
01033,010,yes,pass,yes,4,9,22,4,5,0,12,yes,A,SITE_WIDE_DELIVERY_ONLY
01034,010,yes,coverage_coming,no,3,0,0,0,0,3,0,no,B,NOT_INDEXABLE_TODAY
01035,010,yes,pass,yes,15,40,155,15,25,0,1,yes,A,SITE_WIDE_DELIVERY_ONLY
01036,010,yes,pass,yes,8,1,1,1,0,7,10,yes,A,SITE_WIDE_DELIVERY_ONLY
01037,010,yes,pass,yes,1,4,6,1,3,0,4,yes,A,SITE_WIDE_DELIVERY_ONLY
01038,010,yes,pass,yes,1,25,72,1,24,0,22,yes,A,SITE_WIDE_DELIVERY_ONLY
01039,010,yes,pass,yes,7,17,25,7,10,0,9,yes,A,SITE_WIDE_DELIVERY_ONLY
01040,010,yes,pass,yes,32,60,392,30,30,2,40,yes,A,SITE_WIDE_DELIVERY_ONLY
01041,010,yes,pass,yes,0,58,384,0,58,0,40,yes,C,ZERO_DEV_FACILITIES_ONLY
01050,010,yes,pass,yes,11,11,27,10,1,1,4,yes,A,SITE_WIDE_DELIVERY_ONLY
01053,010,yes,pass,yes,6,22,35,6,16,0,10,yes,A,SITE_WIDE_DELIVERY_ONLY
01054,010,no,NO_PAGE,no,1,0,0,0,0,1,0,no,E,NO_PRODUCTION_PAGE
01056,010,yes,pass,yes,10,17,34,9,8,1,40,yes,A,SITE_WIDE_DELIVERY_ONLY
01057,010,yes,pass,yes,17,12,49,9,3,8,19,yes,A,SITE_WIDE_DELIVERY_ONLY
01059,010,yes,pass,yes,0,14,50,0,14,0,23,yes,C,ZERO_DEV_FACILITIES_ONLY
01060,010,yes,pass,yes,34,49,233,34,15,0,18,yes,A,SITE_WIDE_DELIVERY_ONLY
01061,010,yes,pass,yes,0,38,116,0,38,0,26,yes,C,ZERO_DEV_FACILITIES_ONLY
01062,010,yes,pass,yes,12,36,97,12,24,0,27,yes,A,SITE_WIDE_DELIVERY_ONLY
01063,010,yes,pass,yes,5,48,221,5,43,0,25,yes,A,SITE_WIDE_DELIVERY_ONLY
01066,010,yes,pass,yes,9,14,35,9,5,0,28,yes,A,SITE_WIDE_DELIVERY_ONLY
01068,010,yes,pass,yes,1,3,3,1,2,0,3,yes,A,SITE_WIDE_DELIVERY_ONLY
01069,010,yes,pass,yes,35,34,90,31,3,4,36,yes,A,SITE_WIDE_DELIVERY_ONLY
01070,010,yes,pass,yes,1,5,9,1,4,0,5,yes,A,SITE_WIDE_DELIVERY_ONLY
01071,010,yes,pass,yes,14,18,62,14,4,0,8,yes,A,SITE_WIDE_DELIVERY_ONLY
01073,010,yes,pass,yes,8,15,43,8,7,0,7,yes,A,SITE_WIDE_DELIVERY_ONLY
01074,010,yes,pass,yes,1,7,10,1,6,0,22,yes,A,SITE_WIDE_DELIVERY_ONLY
01075,010,yes,pass,yes,8,40,302,7,33,1,40,yes,A,SITE_WIDE_DELIVERY_ONLY
01077,010,yes,pass,yes,12,9,20,9,0,3,14,yes,A,SITE_WIDE_DELIVERY_ONLY
01079,010,yes,pass,yes,3,32,90,3,29,0,33,yes,A,SITE_WIDE_DELIVERY_ONLY
01080,010,yes,pass,yes,1,35,82,1,34,0,28,yes,A,SITE_WIDE_DELIVERY_ONLY
01081,010,yes,pass,yes,11,5,7,3,2,8,2,yes,A,SITE_WIDE_DELIVERY_ONLY
01082,010,yes,pass,yes,7,11,72,7,4,0,12,yes,A,SITE_WIDE_DELIVERY_ONLY
01083,010,yes,pass,yes,13,20,44,13,7,0,13,yes,A,SITE_WIDE_DELIVERY_ONLY
01084,010,yes,pass,yes,1,7,11,1,6,0,0,yes,A,SITE_WIDE_DELIVERY_ONLY
01085,010,yes,pass,yes,30,29,62,29,0,1,40,yes,A,SITE_WIDE_DELIVERY_ONLY
01086,010,yes,pass,yes,0,18,74,0,18,0,9,yes,C,ZERO_DEV_FACILITIES_ONLY
01088,010,yes,pass,yes,13,26,68,13,13,0,26,yes,A,SITE_WIDE_DELIVERY_ONLY
01089,010,yes,pass,yes,34,73,287,33,40,1,22,yes,A,SITE_WIDE_DELIVERY_ONLY
01090,010,yes,pass,yes,0,84,512,0,84,0,15,yes,C,ZERO_DEV_FACILITIES_ONLY
01092,010,yes,pass,yes,10,22,70,10,12,0,11,yes,A,SITE_WIDE_DELIVERY_ONLY
01093,010,no,NO_PAGE,no,2,0,0,0,0,2,0,no,E,NO_PRODUCTION_PAGE
01094,010,yes,pass,yes,0,3,4,0,3,0,12,yes,C,ZERO_DEV_FACILITIES_ONLY
01095,010,yes,pass,yes,11,18,39,10,8,1,25,yes,A,SITE_WIDE_DELIVERY_ONLY
01096,010,yes,pass,yes,12,15,31,11,4,1,6,yes,A,SITE_WIDE_DELIVERY_ONLY
01097,010,yes,pass,yes,5,18,75,5,13,0,9,yes,A,SITE_WIDE_DELIVERY_ONLY
01098,010,yes,pass,yes,3,3,13,3,0,0,0,yes,A,SITE_WIDE_DELIVERY_ONLY
01101,011,yes,pass,yes,0,73,367,0,73,0,40,yes,C,ZERO_DEV_FACILITIES_ONLY
01102,011,yes,pass,yes,0,84,512,0,84,0,15,yes,C,ZERO_DEV_FACILITIES_ONLY
01103,011,yes,pass,yes,11,74,389,11,63,0,40,yes,A,SITE_WIDE_DELIVERY_ONLY
01104,011,yes,pass,yes,26,84,418,26,58,0,40,yes,A,SITE_WIDE_DELIVERY_ONLY
01105,011,yes,pass,yes,11,73,339,11,62,0,40,yes,A,SITE_WIDE_DELIVERY_ONLY
01106,011,yes,pass,yes,33,28,71,11,17,22,27,yes,A,SITE_WIDE_DELIVERY_ONLY
01107,011,yes,pass,yes,13,88,418,13,75,0,40,yes,A,SITE_WIDE_DELIVERY_ONLY
01108,011,yes,pass,yes,9,55,235,9,46,0,18,yes,A,SITE_WIDE_DELIVERY_ONLY
01109,011,yes,pass,yes,14,74,333,14,60,0,36,yes,A,SITE_WIDE_DELIVERY_ONLY
01111,011,yes,pass,yes,0,84,512,0,84,0,35,yes,C,ZERO_DEV_FACILITIES_ONLY
01115,011,yes,pass,yes,0,72,380,0,72,0,40,yes,C,ZERO_DEV_FACILITIES_ONLY
01116,011,yes,pass,yes,0,84,512,0,84,0,15,yes,C,ZERO_DEV_FACILITIES_ONLY
01118,011,yes,pass,yes,4,40,158,4,36,0,24,yes,A,SITE_WIDE_DELIVERY_ONLY
01119,011,yes,pass,yes,6,40,178,6,34,0,40,yes,A,SITE_WIDE_DELIVERY_ONLY
01128,011,yes,pass,yes,1,12,33,1,11,0,11,yes,A,SITE_WIDE_DELIVERY_ONLY
01129,011,yes,pass,yes,5,27,63,5,22,0,40,yes,A,SITE_WIDE_DELIVERY_ONLY
01138,011,yes,pass,yes,0,84,512,0,84,0,18,yes,C,ZERO_DEV_FACILITIES_ONLY
01139,011,yes,pass,yes,0,84,512,0,84,0,15,yes,C,ZERO_DEV_FACILITIES_ONLY
01144,011,yes,pass,yes,0,72,372,0,72,0,40,yes,C,ZERO_DEV_FACILITIES_ONLY
01151,011,yes,pass,yes,3,30,111,3,27,0,40,yes,A,SITE_WIDE_DELIVERY_ONLY
01152,011,yes,pass,yes,0,84,512,0,84,0,35,yes,C,ZERO_DEV_FACILITIES_ONLY
01199,011,yes,pass,yes,0,88,434,0,88,0,40,yes,C,ZERO_DEV_FACILITIES_ONLY
01201,012,yes,pass,yes,37,36,110,32,4,5,40,yes,A,SITE_WIDE_DELIVERY_ONLY
01202,012,yes,pass,yes,0,16,32,0,16,0,24,yes,C,ZERO_DEV_FACILITIES_ONLY
01203,012,yes,pass,yes,0,16,32,0,16,0,24,yes,C,ZERO_DEV_FACILITIES_ONLY
01220,012,yes,pass,yes,9,15,82,9,6,0,18,yes,A,SITE_WIDE_DELIVERY_ONLY
01222,012,yes,pass,yes,7,6,10,4,2,3,6,yes,A,SITE_WIDE_DELIVERY_ONLY
01223,012,yes,pass,yes,18,6,8,5,1,13,1,yes,A,SITE_WIDE_DELIVERY_ONLY
01224,012,yes,pass,yes,4,17,46,4,13,0,19,yes,A,SITE_WIDE_DELIVERY_ONLY
01225,012,yes,pass,yes,9,9,12,9,0,0,8,yes,A,SITE_WIDE_DELIVERY_ONLY
01226,012,yes,pass,yes,7,20,69,6,14,1,33,yes,A,SITE_WIDE_DELIVERY_ONLY
01227,012,yes,pass,yes,0,20,68,0,20,0,33,yes,C,ZERO_DEV_FACILITIES_ONLY
01229,012,yes,pass,yes,2,15,68,2,13,0,7,yes,A,SITE_WIDE_DELIVERY_ONLY
01230,012,yes,pass,yes,27,15,105,15,0,12,3,yes,A,SITE_WIDE_DELIVERY_ONLY
01235,012,yes,pass,yes,7,6,8,6,0,1,5,yes,A,SITE_WIDE_DELIVERY_ONLY
01236,012,yes,pass,yes,2,12,28,2,10,0,5,yes,A,SITE_WIDE_DELIVERY_ONLY
01237,012,yes,pass,yes,10,13,35,9,4,1,15,yes,A,SITE_WIDE_DELIVERY_ONLY
01238,012,yes,pass,yes,29,32,126,29,3,0,29,yes,A,SITE_WIDE_DELIVERY_ONLY
01240,012,yes,pass,yes,14,16,51,13,3,1,28,yes,A,SITE_WIDE_DELIVERY_ONLY
01242,012,yes,pass,yes,1,34,150,1,33,0,26,yes,A,SITE_WIDE_DELIVERY_ONLY
01243,012,yes,pass,yes,1,1,1,1,0,0,0,yes,A,SITE_WIDE_DELIVERY_ONLY
01244,012,yes,pass,yes,1,5,7,1,4,0,2,yes,A,SITE_WIDE_DELIVERY_ONLY
01245,012,yes,pass,yes,4,5,8,4,1,0,0,yes,A,SITE_WIDE_DELIVERY_ONLY
01247,012,yes,pass,yes,23,20,113,19,1,4,11,yes,A,SITE_WIDE_DELIVERY_ONLY
01252,012,yes,pass,yes,0,6,15,0,6,0,1,no,D,NO_SUBSTANTIVE_MAPS_CONTENT
01253,012,yes,pass,yes,7,8,17,7,1,0,0,yes,A,SITE_WIDE_DELIVERY_ONLY
01254,012,yes,pass,yes,2,9,45,2,7,0,1,yes,A,SITE_WIDE_DELIVERY_ONLY
01255,012,yes,pass,yes,8,4,4,4,0,4,1,yes,A,SITE_WIDE_DELIVERY_ONLY
01256,012,yes,pass,yes,7,3,4,3,0,4,2,yes,A,SITE_WIDE_DELIVERY_ONLY
01257,012,yes,pass,yes,12,10,15,9,1,3,1,yes,A,SITE_WIDE_DELIVERY_ONLY
01258,012,yes,pass,yes,5,3,3,1,2,4,0,yes,A,SITE_WIDE_DELIVERY_ONLY
01259,012,yes,pass,yes,7,7,10,4,3,3,2,yes,A,SITE_WIDE_DELIVERY_ONLY
01260,012,yes,pass,yes,1,32,126,1,31,0,18,yes,A,SITE_WIDE_DELIVERY_ONLY
01262,012,yes,pass,yes,9,20,132,9,11,0,4,yes,A,SITE_WIDE_DELIVERY_ONLY
01263,012,yes,pass,yes,0,16,32,0,16,0,24,yes,C,ZERO_DEV_FACILITIES_ONLY
01264,012,yes,pass,yes,2,6,9,2,4,0,0,yes,A,SITE_WIDE_DELIVERY_ONLY
01266,012,yes,pass,yes,9,10,91,7,3,2,4,yes,A,SITE_WIDE_DELIVERY_ONLY
01267,012,yes,pass,yes,15,16,31,14,2,1,7,yes,A,SITE_WIDE_DELIVERY_ONLY
01270,012,yes,pass,yes,4,5,32,4,1,0,3,yes,A,SITE_WIDE_DELIVERY_ONLY
01301,013,no,NO_PAGE,no,4,0,0,0,0,4,0,no,E,NO_PRODUCTION_PAGE
01330,013,no,NO_PAGE,no,3,0,0,0,0,3,0,no,E,NO_PRODUCTION_PAGE
01331,013,yes,pass,yes,15,19,80,14,5,1,17,yes,A,SITE_WIDE_DELIVERY_ONLY
01337,013,no,NO_PAGE,no,3,0,0,0,0,3,0,no,E,NO_PRODUCTION_PAGE
01338,013,no,NO_PAGE,no,1,0,0,0,0,1,0,no,E,NO_PRODUCTION_PAGE
01339,013,no,NO_PAGE,no,4,0,0,0,0,4,0,no,E,NO_PRODUCTION_PAGE
01340,013,no,NO_PAGE,no,2,0,0,0,0,2,0,no,E,NO_PRODUCTION_PAGE
01342,013,no,NO_PAGE,no,5,0,0,0,0,5,0,no,E,NO_PRODUCTION_PAGE
01343,013,yes,pass,yes,5,7,14,5,2,0,0,yes,A,SITE_WIDE_DELIVERY_ONLY
01364,013,no,NO_PAGE,no,9,0,0,0,0,9,0,no,E,NO_PRODUCTION_PAGE
01366,013,yes,pass,yes,2,2,5,2,0,0,2,yes,A,SITE_WIDE_DELIVERY_ONLY
01367,013,no,NO_PAGE,no,1,0,0,0,0,1,0,no,E,NO_PRODUCTION_PAGE
01368,013,yes,pass,yes,5,9,11,5,4,0,3,yes,A,SITE_WIDE_DELIVERY_ONLY
01370,013,no,NO_PAGE,no,2,0,0,0,0,2,0,no,E,NO_PRODUCTION_PAGE
01373,013,no,NO_PAGE,no,11,0,0,0,0,11,0,no,E,NO_PRODUCTION_PAGE
01420,014,yes,pass,yes,19,28,58,18,10,1,40,yes,A,SITE_WIDE_DELIVERY_ONLY
01430,014,yes,pass,yes,2,3,18,2,1,0,8,yes,A,SITE_WIDE_DELIVERY_ONLY
01431,014,yes,pass,yes,3,4,7,3,1,0,4,yes,A,SITE_WIDE_DELIVERY_ONLY
01432,014,yes,pass,yes,3,9,58,3,6,0,40,yes,A,SITE_WIDE_DELIVERY_ONLY
01434,014,yes,pass,yes,2,9,58,2,7,0,40,yes,A,SITE_WIDE_DELIVERY_ONLY
01436,014,yes,pass,yes,4,14,56,4,10,0,24,yes,A,SITE_WIDE_DELIVERY_ONLY
01438,014,yes,pass,yes,5,20,83,5,15,0,28,yes,A,SITE_WIDE_DELIVERY_ONLY
01440,014,yes,pass,yes,15,22,89,15,7,0,34,yes,A,SITE_WIDE_DELIVERY_ONLY
01441,014,yes,pass,yes,0,12,26,0,12,0,1,no,D,NO_SUBSTANTIVE_MAPS_CONTENT
01450,014,yes,pass,yes,1,2,4,1,1,0,11,yes,A,SITE_WIDE_DELIVERY_ONLY
01451,014,yes,pass,yes,6,11,38,6,5,0,13,yes,A,SITE_WIDE_DELIVERY_ONLY
01452,014,yes,pass,yes,6,6,10,6,0,0,5,yes,A,SITE_WIDE_DELIVERY_ONLY
01453,014,yes,pass,yes,23,28,89,23,5,0,40,yes,A,SITE_WIDE_DELIVERY_ONLY
01460,014,yes,pass,yes,14,18,64,14,4,0,33,yes,A,SITE_WIDE_DELIVERY_ONLY
01462,014,yes,pass,yes,5,14,26,5,9,0,30,yes,A,SITE_WIDE_DELIVERY_ONLY
01463,014,yes,pass,yes,1,1,2,1,0,0,9,yes,A,SITE_WIDE_DELIVERY_ONLY
01464,014,yes,pass,yes,2,3,19,2,1,0,25,yes,A,SITE_WIDE_DELIVERY_ONLY
01467,014,yes,pass,yes,0,10,32,0,10,0,3,yes,C,ZERO_DEV_FACILITIES_ONLY
01468,014,yes,pass,yes,8,9,50,7,2,1,5,yes,A,SITE_WIDE_DELIVERY_ONLY
01469,014,yes,pass,yes,1,2,4,1,1,0,5,yes,A,SITE_WIDE_DELIVERY_ONLY
01470,014,yes,pass,yes,0,2,4,0,2,0,13,yes,C,ZERO_DEV_FACILITIES_ONLY
01471,014,yes,pass,yes,0,2,4,0,2,0,13,yes,C,ZERO_DEV_FACILITIES_ONLY
01472,014,yes,pass,yes,0,3,6,0,3,0,12,yes,C,ZERO_DEV_FACILITIES_ONLY
01473,014,yes,pass,yes,13,12,26,12,0,1,22,yes,A,SITE_WIDE_DELIVERY_ONLY
01474,014,yes,pass,yes,1,6,10,1,5,0,6,yes,A,SITE_WIDE_DELIVERY_ONLY
01475,014,yes,pass,yes,10,10,18,10,0,0,3,yes,A,SITE_WIDE_DELIVERY_ONLY
01501,015,yes,pass,yes,29,54,191,28,26,1,40,yes,A,SITE_WIDE_DELIVERY_ONLY
01503,015,yes,pass,yes,4,18,74,4,14,0,2,yes,A,SITE_WIDE_DELIVERY_ONLY
01504,015,yes,pass,yes,4,7,10,4,3,0,40,yes,A,SITE_WIDE_DELIVERY_ONLY
01505,015,yes,pass,yes,6,15,33,6,9,0,27,yes,A,SITE_WIDE_DELIVERY_ONLY
01506,015,yes,pass,yes,8,13,21,8,5,0,14,yes,A,SITE_WIDE_DELIVERY_ONLY
01507,015,yes,pass,yes,24,18,54,17,1,7,32,yes,A,SITE_WIDE_DELIVERY_ONLY
01508,015,yes,pass,yes,0,22,60,0,22,0,40,yes,C,ZERO_DEV_FACILITIES_ONLY
01509,015,yes,pass,yes,0,21,58,0,21,0,28,yes,C,ZERO_DEV_FACILITIES_ONLY
01510,015,yes,pass,yes,3,8,28,3,5,0,40,yes,A,SITE_WIDE_DELIVERY_ONLY
01515,015,yes,pass,yes,5,12,46,5,7,0,35,yes,A,SITE_WIDE_DELIVERY_ONLY
01516,015,yes,pass,yes,34,7,25,6,1,28,10,yes,A,SITE_WIDE_DELIVERY_ONLY
01518,015,yes,pass,yes,18,29,83,18,11,0,9,yes,A,SITE_WIDE_DELIVERY_ONLY
01519,015,yes,pass,yes,9,24,76,9,15,0,1,yes,A,SITE_WIDE_DELIVERY_ONLY
01520,015,yes,pass,yes,10,17,90,10,7,0,14,yes,A,SITE_WIDE_DELIVERY_ONLY
01521,015,yes,pass,yes,12,6,10,3,3,9,3,yes,A,SITE_WIDE_DELIVERY_ONLY
01522,015,yes,pass,yes,2,10,50,2,8,0,34,yes,A,SITE_WIDE_DELIVERY_ONLY
01523,015,yes,pass,yes,13,12,31,5,7,8,40,yes,A,SITE_WIDE_DELIVERY_ONLY
01524,015,yes,pass,yes,2,4,26,2,2,0,26,yes,A,SITE_WIDE_DELIVERY_ONLY
01525,015,yes,pass,yes,0,12,73,0,12,0,35,yes,C,ZERO_DEV_FACILITIES_ONLY
01526,015,yes,pass,yes,0,8,49,0,8,0,17,yes,C,ZERO_DEV_FACILITIES_ONLY
01527,015,yes,pass,yes,21,43,147,21,22,0,40,yes,A,SITE_WIDE_DELIVERY_ONLY
01529,015,yes,pass,yes,5,14,28,5,9,0,36,yes,A,SITE_WIDE_DELIVERY_ONLY
01531,015,yes,pass,yes,4,3,4,3,0,1,9,yes,A,SITE_WIDE_DELIVERY_ONLY
01532,015,yes,pass,yes,13,21,97,13,8,0,3,yes,A,SITE_WIDE_DELIVERY_ONLY
01534,015,yes,pass,yes,3,13,39,3,10,0,25,yes,A,SITE_WIDE_DELIVERY_ONLY
01535,015,yes,pass,yes,0,6,12,0,6,0,20,yes,C,ZERO_DEV_FACILITIES_ONLY
01536,015,yes,pass,yes,10,24,73,9,15,1,40,yes,A,SITE_WIDE_DELIVERY_ONLY
01537,015,yes,pass,yes,15,32,127,15,17,0,28,yes,A,SITE_WIDE_DELIVERY_ONLY
01538,015,yes,pass,yes,0,14,69,0,14,0,27,yes,C,ZERO_DEV_FACILITIES_ONLY
01540,015,yes,pass,yes,7,8,49,7,1,0,31,yes,A,SITE_WIDE_DELIVERY_ONLY
01541,015,yes,pass,yes,4,3,4,3,0,1,2,yes,A,SITE_WIDE_DELIVERY_ONLY
01542,015,yes,pass,yes,1,23,78,1,22,0,36,yes,A,SITE_WIDE_DELIVERY_ONLY
01543,015,yes,pass,yes,5,6,15,4,2,1,33,yes,A,SITE_WIDE_DELIVERY_ONLY
01545,015,yes,pass,yes,16,27,74,16,11,0,8,yes,A,SITE_WIDE_DELIVERY_ONLY
01546,015,yes,pass,yes,0,7,9,0,7,0,33,yes,C,ZERO_DEV_FACILITIES_ONLY
01550,015,yes,pass,yes,37,15,33,8,7,29,40,yes,A,SITE_WIDE_DELIVERY_ONLY
01560,015,yes,pass,yes,1,16,60,1,15,0,32,yes,A,SITE_WIDE_DELIVERY_ONLY
01561,015,yes,pass,yes,0,11,31,0,11,0,40,yes,C,ZERO_DEV_FACILITIES_ONLY
01562,015,yes,pass,yes,7,9,42,7,2,0,40,yes,A,SITE_WIDE_DELIVERY_ONLY
01564,015,yes,pass,yes,11,13,35,11,2,0,21,yes,A,SITE_WIDE_DELIVERY_ONLY
01566,015,yes,pass,yes,31,36,103,22,14,9,15,yes,A,SITE_WIDE_DELIVERY_ONLY
01568,015,yes,pass,yes,11,12,23,5,7,6,16,yes,A,SITE_WIDE_DELIVERY_ONLY
01569,015,yes,pass,yes,15,16,58,15,1,0,20,yes,A,SITE_WIDE_DELIVERY_ONLY
01570,015,yes,pass,yes,34,9,59,6,3,28,38,yes,A,SITE_WIDE_DELIVERY_ONLY
01571,015,yes,pass,yes,31,10,59,3,7,28,37,yes,A,SITE_WIDE_DELIVERY_ONLY
01581,015,yes,pass,yes,21,27,137,20,7,1,40,yes,A,SITE_WIDE_DELIVERY_ONLY
01583,015,yes,pass,yes,10,20,89,10,10,0,27,yes,A,SITE_WIDE_DELIVERY_ONLY
01585,015,yes,pass,yes,14,18,37,12,6,2,13,yes,A,SITE_WIDE_DELIVERY_ONLY
01586,015,yes,pass,yes,0,39,140,0,39,0,37,yes,C,ZERO_DEV_FACILITIES_ONLY
01588,015,yes,pass,yes,5,15,76,5,10,0,22,yes,A,SITE_WIDE_DELIVERY_ONLY
01590,015,yes,pass,yes,10,6,61,6,0,4,9,yes,A,SITE_WIDE_DELIVERY_ONLY
01601,016,yes,pass,yes,0,69,404,0,69,0,40,yes,C,ZERO_DEV_FACILITIES_ONLY
01602,016,yes,pass,yes,5,1327,1644,5,1322,0,14,yes,A,SITE_WIDE_DELIVERY_ONLY
01603,016,yes,pass,yes,5,923,1249,5,918,0,10,yes,A,SITE_WIDE_DELIVERY_ONLY
01604,016,yes,pass,yes,23,1695,1999,23,1672,0,40,yes,A,SITE_WIDE_DELIVERY_ONLY
01605,016,yes,pass,yes,21,1065,1390,21,1044,0,25,yes,A,SITE_WIDE_DELIVERY_ONLY
01606,016,yes,pass,yes,7,1319,1547,7,1312,0,40,yes,A,SITE_WIDE_DELIVERY_ONLY
01607,016,yes,pass,yes,14,358,673,14,344,0,40,yes,A,SITE_WIDE_DELIVERY_ONLY
01608,016,yes,pass,yes,10,187,522,10,177,0,40,yes,A,SITE_WIDE_DELIVERY_ONLY
01609,016,yes,pass,yes,7,738,1080,7,731,0,14,yes,A,SITE_WIDE_DELIVERY_ONLY
01610,016,yes,pass,yes,20,591,910,20,571,0,40,yes,A,SITE_WIDE_DELIVERY_ONLY
01611,016,yes,pass,yes,0,29,144,0,29,0,40,yes,C,ZERO_DEV_FACILITIES_ONLY
01612,016,yes,pass,yes,1,3,33,1,2,0,6,yes,A,SITE_WIDE_DELIVERY_ONLY
01613,016,yes,pass,yes,0,55,391,0,55,0,23,yes,C,ZERO_DEV_FACILITIES_ONLY
01614,016,yes,pass,yes,0,69,404,0,69,0,40,yes,C,ZERO_DEV_FACILITIES_ONLY
01615,016,yes,pass,yes,0,69,404,0,69,0,40,yes,C,ZERO_DEV_FACILITIES_ONLY
01653,016,yes,pass,yes,0,7,9,0,7,0,33,yes,C,ZERO_DEV_FACILITIES_ONLY
01655,016,yes,pass,yes,0,7,9,0,7,0,33,yes,C,ZERO_DEV_FACILITIES_ONLY
01701,017,yes,pass,yes,19,37,250,18,19,1,35,yes,A,SITE_WIDE_DELIVERY_ONLY
01702,017,yes,pass,yes,26,36,246,24,12,2,36,yes,A,SITE_WIDE_DELIVERY_ONLY
01703,017,yes,pass,yes,0,15,41,0,15,0,40,yes,C,ZERO_DEV_FACILITIES_ONLY
01704,017,yes,pass,yes,0,15,41,0,15,0,40,yes,C,ZERO_DEV_FACILITIES_ONLY
01705,017,yes,pass,yes,0,15,41,0,15,0,40,yes,C,ZERO_DEV_FACILITIES_ONLY
01718,017,yes,pass,yes,1,13,99,1,12,0,40,yes,A,SITE_WIDE_DELIVERY_ONLY
01719,017,yes,pass,yes,6,13,48,6,7,0,11,yes,A,SITE_WIDE_DELIVERY_ONLY
01720,017,yes,pass,yes,8,20,113,8,12,0,40,yes,A,SITE_WIDE_DELIVERY_ONLY
01721,017,yes,pass,yes,11,34,94,11,23,0,24,yes,A,SITE_WIDE_DELIVERY_ONLY
01730,017,yes,pass,yes,12,28,104,12,16,0,23,yes,A,SITE_WIDE_DELIVERY_ONLY
01731,017,yes,pass,yes,0,29,104,0,29,0,20,yes,C,ZERO_DEV_FACILITIES_ONLY
01740,017,yes,pass,yes,5,8,25,5,3,0,1,yes,A,SITE_WIDE_DELIVERY_ONLY
01741,017,yes,pass,yes,1,6,10,1,5,0,9,yes,A,SITE_WIDE_DELIVERY_ONLY
01742,017,yes,pass,yes,10,15,83,10,5,0,21,yes,A,SITE_WIDE_DELIVERY_ONLY
01745,017,yes,pass,yes,3,33,114,3,30,0,21,yes,A,SITE_WIDE_DELIVERY_ONLY
01746,017,yes,pass,yes,6,11,31,6,5,0,15,yes,A,SITE_WIDE_DELIVERY_ONLY
01747,017,yes,pass,yes,2,15,51,2,13,0,40,yes,A,SITE_WIDE_DELIVERY_ONLY
01748,017,yes,pass,yes,21,17,25,16,1,5,12,yes,A,SITE_WIDE_DELIVERY_ONLY
01749,017,yes,pass,yes,12,23,81,12,11,0,11,yes,A,SITE_WIDE_DELIVERY_ONLY
01752,017,yes,pass,yes,20,27,94,20,7,0,39,yes,A,SITE_WIDE_DELIVERY_ONLY
01754,017,yes,pass,yes,4,16,30,4,12,0,40,yes,A,SITE_WIDE_DELIVERY_ONLY
01756,017,yes,pass,yes,1,3,6,1,2,0,34,yes,A,SITE_WIDE_DELIVERY_ONLY
01757,017,yes,pass,yes,14,17,63,14,3,0,40,yes,A,SITE_WIDE_DELIVERY_ONLY
01760,017,yes,pass,yes,20,33,231,20,13,0,33,yes,A,SITE_WIDE_DELIVERY_ONLY
01770,017,yes,pass,yes,1,13,29,1,12,0,16,yes,A,SITE_WIDE_DELIVERY_ONLY
01772,017,yes,pass,yes,23,34,139,23,11,0,40,yes,A,SITE_WIDE_DELIVERY_ONLY
01773,017,yes,pass,yes,5,15,47,5,10,0,7,yes,A,SITE_WIDE_DELIVERY_ONLY
01775,017,yes,pass,yes,4,12,21,4,8,0,1,yes,A,SITE_WIDE_DELIVERY_ONLY
01776,017,yes,pass,yes,8,9,16,8,1,0,11,yes,A,SITE_WIDE_DELIVERY_ONLY
01778,017,yes,pass,yes,16,30,87,16,14,0,14,yes,A,SITE_WIDE_DELIVERY_ONLY
01784,017,yes,pass,yes,0,26,69,0,26,0,28,yes,C,ZERO_DEV_FACILITIES_ONLY
01801,018,yes,pass,yes,19,46,258,19,27,0,40,yes,A,SITE_WIDE_DELIVERY_ONLY
01803,018,yes,pass,yes,17,33,201,17,16,0,17,yes,A,SITE_WIDE_DELIVERY_ONLY
01805,018,yes,pass,yes,0,32,200,0,32,0,16,yes,C,ZERO_DEV_FACILITIES_ONLY
01810,018,yes,pass,yes,19,24,58,18,6,1,40,yes,A,SITE_WIDE_DELIVERY_ONLY
01812,018,yes,pass,yes,0,28,65,0,28,0,4,yes,C,ZERO_DEV_FACILITIES_ONLY
01813,018,yes,pass,yes,0,49,263,0,49,0,35,yes,C,ZERO_DEV_FACILITIES_ONLY
01815,018,yes,pass,yes,0,49,263,0,49,0,35,yes,C,ZERO_DEV_FACILITIES_ONLY
01821,018,yes,pass,yes,14,21,89,14,7,0,30,yes,A,SITE_WIDE_DELIVERY_ONLY
01822,018,yes,pass,yes,0,18,49,0,18,0,40,yes,C,ZERO_DEV_FACILITIES_ONLY
01824,018,yes,pass,yes,28,32,89,28,4,0,37,yes,A,SITE_WIDE_DELIVERY_ONLY
01825,018,yes,pass,yes,0,17,48,0,17,0,23,yes,C,ZERO_DEV_FACILITIES_ONLY
01826,018,yes,pass,yes,4,22,135,4,18,0,38,yes,A,SITE_WIDE_DELIVERY_ONLY
01827,018,yes,pass,yes,3,8,12,3,5,0,14,yes,A,SITE_WIDE_DELIVERY_ONLY
01830,018,yes,pass,yes,10,19,106,9,10,1,40,yes,A,SITE_WIDE_DELIVERY_ONLY
01831,018,yes,pass,yes,0,19,87,0,19,0,40,yes,C,ZERO_DEV_FACILITIES_ONLY
01832,018,yes,pass,yes,5,19,90,5,14,0,40,yes,A,SITE_WIDE_DELIVERY_ONLY
01833,018,yes,pass,yes,7,9,20,7,2,0,26,yes,A,SITE_WIDE_DELIVERY_ONLY
01834,018,yes,pass,yes,2,11,22,2,9,0,21,yes,A,SITE_WIDE_DELIVERY_ONLY
01835,018,yes,pass,yes,7,23,95,7,16,0,40,yes,A,SITE_WIDE_DELIVERY_ONLY
01840,018,yes,pass,yes,6,47,134,6,41,0,40,yes,A,SITE_WIDE_DELIVERY_ONLY
01841,018,yes,pass,yes,13,48,135,13,35,0,40,yes,A,SITE_WIDE_DELIVERY_ONLY
01842,018,yes,pass,yes,0,47,135,0,47,0,40,yes,C,ZERO_DEV_FACILITIES_ONLY
01843,018,yes,pass,yes,10,45,132,10,35,0,40,yes,A,SITE_WIDE_DELIVERY_ONLY
01844,018,yes,pass,yes,17,43,124,17,26,0,40,yes,A,SITE_WIDE_DELIVERY_ONLY
01845,018,yes,pass,yes,8,29,77,8,21,0,40,yes,A,SITE_WIDE_DELIVERY_ONLY
01850,018,yes,pass,yes,5,39,210,5,34,0,40,yes,A,SITE_WIDE_DELIVERY_ONLY
01851,018,yes,pass,yes,10,51,216,10,41,0,40,yes,A,SITE_WIDE_DELIVERY_ONLY
01852,018,yes,pass,yes,20,48,220,20,28,0,40,yes,A,SITE_WIDE_DELIVERY_ONLY
01853,018,yes,pass,yes,0,49,220,0,49,0,40,yes,C,ZERO_DEV_FACILITIES_ONLY
01854,018,yes,pass,yes,11,44,209,11,33,0,40,yes,A,SITE_WIDE_DELIVERY_ONLY
01860,018,yes,pass,yes,5,8,31,5,3,0,25,yes,A,SITE_WIDE_DELIVERY_ONLY
01862,018,yes,pass,yes,7,32,93,7,25,0,40,yes,A,SITE_WIDE_DELIVERY_ONLY
01863,018,yes,pass,yes,6,29,68,6,23,0,32,yes,A,SITE_WIDE_DELIVERY_ONLY
01864,018,yes,pass,yes,5,13,37,5,8,0,34,yes,A,SITE_WIDE_DELIVERY_ONLY
01865,018,yes,pass,yes,0,19,51,0,19,0,23,yes,C,ZERO_DEV_FACILITIES_ONLY
01866,018,yes,pass,yes,0,33,146,0,33,0,23,yes,C,ZERO_DEV_FACILITIES_ONLY
01867,018,yes,pass,yes,20,45,272,20,25,0,3,yes,A,SITE_WIDE_DELIVERY_ONLY
01876,018,yes,pass,yes,22,28,93,22,6,0,32,yes,A,SITE_WIDE_DELIVERY_ONLY
01879,018,yes,pass,yes,9,14,27,9,5,0,31,yes,A,SITE_WIDE_DELIVERY_ONLY
01880,018,yes,pass,yes,18,49,356,18,31,0,2,yes,A,SITE_WIDE_DELIVERY_ONLY
01885,018,yes,pass,yes,0,7,17,0,7,0,8,yes,C,ZERO_DEV_FACILITIES_ONLY
01886,018,yes,pass,yes,17,19,45,16,3,1,19,yes,A,SITE_WIDE_DELIVERY_ONLY
01887,018,yes,pass,yes,21,30,103,21,9,0,40,yes,A,SITE_WIDE_DELIVERY_ONLY
01888,018,yes,pass,yes,0,49,263,0,49,0,35,yes,C,ZERO_DEV_FACILITIES_ONLY
01889,018,yes,pass,yes,0,23,75,0,23,0,40,yes,C,ZERO_DEV_FACILITIES_ONLY
01890,018,yes,pass,yes,7,41,284,7,34,0,27,yes,A,SITE_WIDE_DELIVERY_ONLY
01899,018,yes,pass,yes,0,24,63,0,24,0,34,yes,C,ZERO_DEV_FACILITIES_ONLY
01901,019,yes,pass,yes,1,26,241,1,25,0,32,yes,A,SITE_WIDE_DELIVERY_ONLY
01902,019,yes,pass,yes,6,27,262,6,21,0,31,yes,A,SITE_WIDE_DELIVERY_ONLY
01903,019,yes,pass,yes,0,26,253,0,26,0,31,yes,C,ZERO_DEV_FACILITIES_ONLY
01904,019,yes,pass,yes,7,45,409,7,38,0,40,yes,A,SITE_WIDE_DELIVERY_ONLY
01905,019,yes,pass,yes,10,32,315,10,22,0,4,yes,A,SITE_WIDE_DELIVERY_ONLY
01906,019,yes,pass,yes,14,34,365,14,20,0,40,yes,A,SITE_WIDE_DELIVERY_ONLY
01907,019,yes,pass,yes,1,21,254,1,20,0,29,yes,A,SITE_WIDE_DELIVERY_ONLY
01908,019,yes,pass,yes,1,13,74,1,12,0,16,yes,A,SITE_WIDE_DELIVERY_ONLY
01910,019,yes,pass,yes,0,34,307,0,34,0,40,yes,C,ZERO_DEV_FACILITIES_ONLY
01913,019,yes,pass,yes,12,16,30,12,4,0,35,yes,A,SITE_WIDE_DELIVERY_ONLY
01915,019,yes,pass,yes,13,34,175,13,21,0,40,yes,A,SITE_WIDE_DELIVERY_ONLY
01921,019,yes,pass,yes,7,8,12,7,1,0,4,yes,A,SITE_WIDE_DELIVERY_ONLY
01922,019,yes,pass,yes,5,8,17,5,3,0,4,yes,A,SITE_WIDE_DELIVERY_ONLY
01923,019,yes,pass,yes,20,44,238,20,24,0,40,yes,A,SITE_WIDE_DELIVERY_ONLY
01929,019,yes,pass,yes,5,7,46,5,2,0,11,yes,A,SITE_WIDE_DELIVERY_ONLY
01930,019,yes,pass,yes,9,9,63,8,1,1,7,yes,A,SITE_WIDE_DELIVERY_ONLY
01931,019,yes,pass,yes,0,9,47,0,9,0,9,yes,C,ZERO_DEV_FACILITIES_ONLY
01936,019,yes,pass,yes,0,11,30,0,11,0,14,yes,C,ZERO_DEV_FACILITIES_ONLY
01937,019,yes,pass,yes,0,26,80,0,26,0,34,yes,C,ZERO_DEV_FACILITIES_ONLY
01938,019,yes,pass,yes,9,9,30,8,1,1,11,yes,A,SITE_WIDE_DELIVERY_ONLY
01940,019,yes,pass,yes,17,34,257,17,17,0,40,yes,A,SITE_WIDE_DELIVERY_ONLY
01944,019,yes,pass,yes,4,6,64,4,2,0,17,yes,A,SITE_WIDE_DELIVERY_ONLY
01945,019,yes,pass,yes,3,27,138,3,24,0,21,yes,A,SITE_WIDE_DELIVERY_ONLY
01949,019,yes,pass,yes,7,15,33,7,8,0,26,yes,A,SITE_WIDE_DELIVERY_ONLY
01950,019,yes,pass,yes,7,20,38,7,13,0,35,yes,A,SITE_WIDE_DELIVERY_ONLY
01951,019,yes,pass,yes,3,4,8,2,2,1,7,yes,A,SITE_WIDE_DELIVERY_ONLY
01952,019,yes,pass,yes,8,15,32,8,7,0,35,yes,A,SITE_WIDE_DELIVERY_ONLY
01960,019,yes,pass,yes,20,46,321,19,27,1,40,yes,A,SITE_WIDE_DELIVERY_ONLY
01961,019,yes,pass,yes,0,11,30,0,11,0,14,yes,C,ZERO_DEV_FACILITIES_ONLY
01965,019,yes,pass,yes,1,9,43,1,8,0,16,yes,A,SITE_WIDE_DELIVERY_ONLY
01966,019,yes,pass,yes,1,5,15,1,4,0,12,yes,A,SITE_WIDE_DELIVERY_ONLY
01969,019,yes,pass,yes,4,10,19,4,6,0,25,yes,A,SITE_WIDE_DELIVERY_ONLY
01970,019,yes,pass,yes,20,48,382,20,28,0,22,yes,A,SITE_WIDE_DELIVERY_ONLY
01971,019,yes,pass,yes,0,11,30,0,11,0,14,yes,C,ZERO_DEV_FACILITIES_ONLY
01982,019,yes,pass,yes,4,11,43,4,7,0,6,yes,A,SITE_WIDE_DELIVERY_ONLY
01983,019,yes,pass,yes,7,14,24,7,7,0,16,yes,A,SITE_WIDE_DELIVERY_ONLY
01984,019,yes,pass,yes,4,15,73,4,11,0,20,yes,A,SITE_WIDE_DELIVERY_ONLY
01985,019,yes,pass,yes,3,11,18,3,8,0,16,yes,A,SITE_WIDE_DELIVERY_ONLY
06226,062,yes,pass,yes,76,94,94,76,18,0,22,yes,A,SITE_WIDE_DELIVERY_ONLY
06231,062,yes,pass,yes,33,47,47,33,14,0,2,yes,A,SITE_WIDE_DELIVERY_ONLY
06232,062,yes,pass,yes,52,53,53,51,2,1,2,yes,A,SITE_WIDE_DELIVERY_ONLY
06234,062,yes,pass,yes,37,40,40,36,4,1,6,yes,A,SITE_WIDE_DELIVERY_ONLY
06235,062,yes,pass,yes,34,44,44,34,10,0,2,yes,A,SITE_WIDE_DELIVERY_ONLY
06237,062,yes,pass,yes,56,67,67,55,12,1,2,yes,A,SITE_WIDE_DELIVERY_ONLY
06238,062,yes,pass,yes,61,64,64,49,15,12,1,yes,A,SITE_WIDE_DELIVERY_ONLY
06239,062,yes,pass,yes,48,52,52,46,6,2,12,yes,A,SITE_WIDE_DELIVERY_ONLY
06241,062,yes,pass,yes,51,55,55,50,5,1,24,yes,A,SITE_WIDE_DELIVERY_ONLY
06242,062,yes,pass,yes,54,36,36,35,1,19,3,yes,A,SITE_WIDE_DELIVERY_ONLY
06243,062,yes,pass,yes,30,34,34,30,4,0,4,yes,A,SITE_WIDE_DELIVERY_ONLY
06247,062,yes,pass,yes,33,32,32,30,2,3,7,yes,A,SITE_WIDE_DELIVERY_ONLY
06248,062,yes,pass,yes,47,51,51,47,4,0,2,yes,A,SITE_WIDE_DELIVERY_ONLY
06249,062,yes,pass,yes,37,31,31,29,2,8,1,yes,A,SITE_WIDE_DELIVERY_ONLY
06250,062,yes,pass,yes,71,90,90,68,22,3,5,yes,A,SITE_WIDE_DELIVERY_ONLY
06254,062,yes,pass,yes,43,49,49,40,9,3,25,yes,A,SITE_WIDE_DELIVERY_ONLY
06255,062,yes,pass,yes,42,48,48,41,7,1,13,yes,A,SITE_WIDE_DELIVERY_ONLY
06256,062,yes,pass,yes,43,72,72,43,29,0,6,yes,A,SITE_WIDE_DELIVERY_ONLY
06258,062,yes,pass,yes,27,60,60,27,33,0,2,yes,A,SITE_WIDE_DELIVERY_ONLY
06259,062,yes,pass,yes,52,49,49,49,0,3,1,yes,A,SITE_WIDE_DELIVERY_ONLY
06260,062,yes,pass,yes,56,62,62,55,7,1,30,yes,A,SITE_WIDE_DELIVERY_ONLY
06262,062,yes,pass,yes,30,35,35,30,5,0,13,yes,A,SITE_WIDE_DELIVERY_ONLY
06263,062,yes,pass,yes,27,66,66,27,39,0,27,yes,A,SITE_WIDE_DELIVERY_ONLY
06264,062,yes,pass,yes,31,36,36,31,5,0,3,yes,A,SITE_WIDE_DELIVERY_ONLY
06266,062,yes,pass,yes,32,51,51,32,19,0,18,yes,A,SITE_WIDE_DELIVERY_ONLY
06268,062,yes,pass,yes,68,74,74,67,7,1,5,yes,A,SITE_WIDE_DELIVERY_ONLY
06269,062,yes,pass,yes,38,76,76,38,38,0,6,yes,A,SITE_WIDE_DELIVERY_ONLY
06277,062,yes,pass,yes,42,43,43,42,1,0,4,yes,A,SITE_WIDE_DELIVERY_ONLY
06278,062,yes,pass,yes,58,38,38,37,1,21,3,yes,A,SITE_WIDE_DELIVERY_ONLY
06279,062,yes,pass,yes,73,79,79,73,6,0,5,yes,A,SITE_WIDE_DELIVERY_ONLY
06280,062,yes,pass,yes,40,65,65,38,27,2,11,yes,A,SITE_WIDE_DELIVERY_ONLY
06281,062,yes,pass,yes,54,36,36,35,1,19,3,yes,A,SITE_WIDE_DELIVERY_ONLY
06282,062,yes,pass,yes,47,60,60,47,13,0,4,yes,A,SITE_WIDE_DELIVERY_ONLY
06320,063,yes,pass,yes,65,96,96,65,31,0,40,yes,A,SITE_WIDE_DELIVERY_ONLY
06330,063,yes,pass,yes,36,56,56,35,21,1,14,yes,A,SITE_WIDE_DELIVERY_ONLY
06331,063,yes,pass,yes,39,41,41,39,2,0,10,yes,A,SITE_WIDE_DELIVERY_ONLY
06332,063,yes,pass,yes,39,64,64,39,25,0,24,yes,A,SITE_WIDE_DELIVERY_ONLY
06333,063,yes,pass,yes,54,58,58,49,9,5,12,yes,A,SITE_WIDE_DELIVERY_ONLY
06334,063,yes,pass,yes,37,62,62,37,25,0,16,yes,A,SITE_WIDE_DELIVERY_ONLY
06335,063,yes,pass,yes,33,54,54,33,21,0,21,yes,A,SITE_WIDE_DELIVERY_ONLY
06336,063,yes,pass,yes,31,41,41,31,10,0,8,yes,A,SITE_WIDE_DELIVERY_ONLY
06338,063,yes,pass,yes,31,46,46,31,15,0,5,yes,A,SITE_WIDE_DELIVERY_ONLY
06339,063,yes,pass,yes,39,38,38,37,1,2,5,yes,A,SITE_WIDE_DELIVERY_ONLY
06340,063,yes,pass,yes,78,96,96,75,21,3,40,yes,A,SITE_WIDE_DELIVERY_ONLY
06350,063,yes,pass,yes,27,42,42,27,15,0,11,yes,A,SITE_WIDE_DELIVERY_ONLY
06351,063,yes,pass,yes,66,55,55,55,0,11,15,yes,A,SITE_WIDE_DELIVERY_ONLY
06353,063,yes,pass,yes,29,68,68,29,39,0,27,yes,A,SITE_WIDE_DELIVERY_ONLY
06354,063,yes,pass,yes,50,64,64,49,15,1,17,yes,A,SITE_WIDE_DELIVERY_ONLY
06355,063,yes,pass,yes,60,70,70,60,10,0,40,yes,A,SITE_WIDE_DELIVERY_ONLY
06357,063,yes,pass,yes,51,70,70,51,19,0,40,yes,A,SITE_WIDE_DELIVERY_ONLY
06359,063,yes,pass,yes,55,56,56,52,4,3,5,yes,A,SITE_WIDE_DELIVERY_ONLY
06360,063,yes,pass,yes,86,92,92,82,10,4,40,yes,A,SITE_WIDE_DELIVERY_ONLY
06365,063,yes,pass,yes,54,56,56,48,8,6,8,yes,A,SITE_WIDE_DELIVERY_ONLY
06370,063,yes,pass,yes,39,44,44,39,5,0,6,yes,A,SITE_WIDE_DELIVERY_ONLY
06371,063,yes,pass,yes,53,58,58,50,8,3,30,yes,A,SITE_WIDE_DELIVERY_ONLY
06373,063,yes,pass,yes,28,35,35,28,7,0,4,yes,A,SITE_WIDE_DELIVERY_ONLY
06374,063,yes,pass,yes,52,61,61,50,11,2,27,yes,A,SITE_WIDE_DELIVERY_ONLY
06375,063,yes,pass,yes,39,84,84,39,45,0,24,yes,A,SITE_WIDE_DELIVERY_ONLY
06376,063,yes,pass,yes,27,49,49,27,22,0,14,yes,A,SITE_WIDE_DELIVERY_ONLY
06377,063,yes,pass,yes,31,46,46,31,15,0,6,yes,A,SITE_WIDE_DELIVERY_ONLY
06378,063,yes,pass,yes,45,64,64,44,20,1,32,yes,A,SITE_WIDE_DELIVERY_ONLY
06379,063,yes,pass,yes,47,56,56,47,9,0,23,yes,A,SITE_WIDE_DELIVERY_ONLY
06380,063,yes,pass,yes,34,76,76,34,42,0,30,yes,A,SITE_WIDE_DELIVERY_ONLY
06382,063,yes,pass,yes,53,64,64,53,11,0,37,yes,A,SITE_WIDE_DELIVERY_ONLY
06384,063,yes,pass,yes,36,43,43,36,7,0,10,yes,A,SITE_WIDE_DELIVERY_ONLY
06385,063,yes,pass,yes,61,89,89,56,33,5,40,yes,A,SITE_WIDE_DELIVERY_ONLY
06387,063,yes,pass,yes,30,58,58,30,28,0,18,yes,A,SITE_WIDE_DELIVERY_ONLY
06389,063,yes,pass,yes,41,77,77,41,36,0,35,yes,A,SITE_WIDE_DELIVERY_ONLY
06390,063,yes,pass,no,7,0,0,0,0,7,2,yes,B,NOT_INDEXABLE_TODAY
52003,520,yes,pass,yes,1,0,0,0,0,1,11,yes,A,SITE_WIDE_DELIVERY_ONLY
52068,520,yes,pass,yes,2,5,5,2,3,0,13,yes,A,SITE_WIDE_DELIVERY_ONLY
