zip,geo_status,production_dev_pairs,shadow_dev_pairs,intersection,production_only_refuted,shadow_only_added,points_resolved,missing_descriptive_fields,satisfies_maps_shape
01001,boundary_complete,41,12,9,32,3,12,0,YES
01002,boundary_complete,15,21,13,2,8,21,0,YES
01003,boundary_complete,21,1,1,20,0,1,0,YES
01004,not_measured,21,0,0,,0,0,0,PRESERVES_LEGACY
01005,boundary_complete,6,4,4,2,0,4,0,YES
01007,boundary_complete,9,14,9,0,5,14,0,YES
01008,boundary_complete,11,13,10,1,3,13,0,YES
01009,boundary_complete,24,0,0,24,0,0,0,YES
01010,boundary_complete,17,17,10,7,7,17,0,YES
01011,boundary_complete,13,8,8,5,0,8,0,YES
01012,boundary_complete,7,1,1,6,0,1,0,YES
01013,boundary_complete,83,32,31,52,1,32,0,YES
01014,not_measured,84,0,0,,0,0,0,PRESERVES_LEGACY
01020,boundary_complete,78,28,28,50,0,28,0,YES
01021,not_measured,84,0,0,,0,0,0,PRESERVES_LEGACY
01022,boundary_complete,49,0,0,49,0,0,0,YES
01026,boundary_complete,7,9,6,1,3,9,0,YES
01027,boundary_complete,37,27,24,13,3,27,0,YES
01028,boundary_complete,9,9,2,7,7,9,0,YES
01029,boundary_complete,6,3,2,4,1,3,0,YES
01030,boundary_complete,20,9,6,14,3,9,0,YES
01031,boundary_complete,6,3,3,3,0,3,0,YES
01032,boundary_complete,16,7,7,9,0,7,0,YES
01033,boundary_complete,9,4,4,5,0,4,0,YES
01035,boundary_complete,40,15,15,25,0,15,0,YES
01036,boundary_complete,1,8,1,0,7,8,0,YES
01037,boundary_complete,4,1,1,3,0,1,0,YES
01038,boundary_complete,25,1,1,24,0,1,0,YES
01039,boundary_complete,17,7,7,10,0,7,0,YES
01040,boundary_complete,60,32,30,30,2,32,0,YES
01041,not_measured,58,0,0,,0,0,0,PRESERVES_LEGACY
01050,boundary_complete,11,11,10,1,1,11,0,YES
01053,boundary_complete,22,6,6,16,0,6,0,YES
01056,boundary_complete,17,10,9,8,1,10,0,YES
01057,boundary_complete,12,17,9,3,8,17,0,YES
01059,not_measured,14,0,0,,0,0,0,PRESERVES_LEGACY
01060,boundary_complete,49,34,34,15,0,34,0,YES
01061,not_measured,38,0,0,,0,0,0,PRESERVES_LEGACY
01062,boundary_complete,36,12,12,24,0,12,0,YES
01063,boundary_complete,48,5,5,43,0,5,0,YES
01066,boundary_complete,14,9,9,5,0,9,0,YES
01068,boundary_complete,3,1,1,2,0,1,0,YES
01069,boundary_complete,34,35,31,3,4,35,0,YES
01070,boundary_complete,5,1,1,4,0,1,0,YES
01071,boundary_complete,18,14,14,4,0,14,0,YES
01073,boundary_complete,15,8,8,7,0,8,0,YES
01074,boundary_complete,7,1,1,6,0,1,0,YES
01075,boundary_complete,40,8,7,33,1,8,0,YES
01077,boundary_complete,9,12,9,0,3,12,0,YES
01079,boundary_complete,32,3,3,29,0,3,0,YES
01080,boundary_complete,35,1,1,34,0,1,0,YES
01081,boundary_complete,5,11,3,2,8,11,0,YES
01082,boundary_complete,11,7,7,4,0,7,0,YES
01083,boundary_complete,20,13,13,7,0,13,0,YES
01084,boundary_complete,7,1,1,6,0,1,0,YES
01085,boundary_complete,29,30,29,0,1,30,0,YES
01086,not_measured,18,0,0,,0,0,0,PRESERVES_LEGACY
01088,boundary_complete,26,13,13,13,0,13,0,YES
01089,boundary_complete,73,34,33,40,1,34,0,YES
01090,not_measured,84,0,0,,0,0,0,PRESERVES_LEGACY
01092,boundary_complete,22,10,10,12,0,10,0,YES
01094,boundary_complete,3,0,0,3,0,0,0,YES
01095,boundary_complete,18,11,10,8,1,11,0,YES
01096,boundary_complete,15,12,11,4,1,12,0,YES
01097,boundary_complete,18,5,5,13,0,5,0,YES
01098,boundary_complete,3,3,3,0,0,3,0,YES
01101,not_measured,73,0,0,,0,0,0,PRESERVES_LEGACY
01102,not_measured,84,0,0,,0,0,0,PRESERVES_LEGACY
01103,boundary_complete,74,11,11,63,0,11,0,YES
01104,boundary_complete,84,26,26,58,0,26,0,YES
01105,boundary_complete,73,11,11,62,0,11,0,YES
01106,boundary_complete,28,33,11,17,22,33,0,YES
01107,boundary_complete,88,13,13,75,0,13,0,YES
01108,boundary_complete,55,9,9,46,0,9,0,YES
01109,boundary_complete,74,14,14,60,0,14,0,YES
01111,not_measured,84,0,0,,0,0,0,PRESERVES_LEGACY
01115,not_measured,72,0,0,,0,0,0,PRESERVES_LEGACY
01116,not_measured,84,0,0,,0,0,0,PRESERVES_LEGACY
01118,boundary_complete,40,4,4,36,0,4,0,YES
01119,boundary_complete,40,6,6,34,0,6,0,YES
01128,boundary_complete,12,1,1,11,0,1,0,YES
01129,boundary_complete,27,5,5,22,0,5,0,YES
01138,not_measured,84,0,0,,0,0,0,PRESERVES_LEGACY
01139,not_measured,84,0,0,,0,0,0,PRESERVES_LEGACY
01144,boundary_complete,72,0,0,72,0,0,0,YES
01151,boundary_complete,30,3,3,27,0,3,0,YES
01152,not_measured,84,0,0,,0,0,0,PRESERVES_LEGACY
01199,not_measured,88,0,0,,0,0,0,PRESERVES_LEGACY
01201,boundary_complete,36,37,32,4,5,37,0,YES
01202,not_measured,16,0,0,,0,0,0,PRESERVES_LEGACY
01203,not_measured,16,0,0,,0,0,0,PRESERVES_LEGACY
01220,boundary_complete,15,9,9,6,0,9,0,YES
01222,boundary_complete,6,7,4,2,3,7,0,YES
01223,boundary_complete,6,18,5,1,13,18,0,YES
01224,boundary_complete,17,4,4,13,0,4,0,YES
01225,boundary_complete,9,9,9,0,0,9,0,YES
01226,boundary_complete,20,7,6,14,1,7,0,YES
01227,not_measured,20,0,0,,0,0,0,PRESERVES_LEGACY
01229,boundary_complete,15,2,2,13,0,2,0,YES
01230,boundary_complete,15,27,15,0,12,27,0,YES
01235,boundary_complete,6,7,6,0,1,7,0,YES
01236,boundary_complete,12,2,2,10,0,2,0,YES
01237,boundary_complete,13,10,9,4,1,10,0,YES
01238,boundary_complete,32,29,29,3,0,29,0,YES
01240,boundary_complete,16,14,13,3,1,14,0,YES
01242,boundary_complete,34,1,1,33,0,1,0,YES
01243,boundary_complete,1,1,1,0,0,1,0,YES
01244,boundary_complete,5,1,1,4,0,1,0,YES
01245,boundary_complete,5,4,4,1,0,4,0,YES
01247,boundary_complete,20,23,19,1,4,23,0,YES
01253,boundary_complete,8,7,7,1,0,7,0,YES
01254,boundary_complete,9,2,2,7,0,2,0,YES
01255,boundary_complete,4,8,4,0,4,8,0,YES
01256,boundary_complete,3,7,3,0,4,7,0,YES
01257,boundary_complete,10,12,9,1,3,12,0,YES
01258,boundary_complete,3,5,1,2,4,5,0,YES
01259,boundary_complete,7,7,4,3,3,7,0,YES
01260,boundary_complete,32,1,1,31,0,1,0,YES
01262,boundary_complete,20,9,9,11,0,9,0,YES
01263,not_measured,16,0,0,,0,0,0,PRESERVES_LEGACY
01264,boundary_complete,6,2,2,4,0,2,0,YES
01266,boundary_complete,10,9,7,3,2,9,0,YES
01267,boundary_complete,16,15,14,2,1,15,0,YES
01270,boundary_complete,5,4,4,1,0,4,0,YES
01331,boundary_complete,19,15,14,5,1,15,0,YES
01343,boundary_complete,7,5,5,2,0,5,0,YES
01366,boundary_complete,2,2,2,0,0,2,0,YES
01368,boundary_complete,9,5,5,4,0,5,0,YES
01420,boundary_complete,28,19,18,10,1,19,0,YES
01430,boundary_complete,3,2,2,1,0,2,0,YES
01431,boundary_complete,4,3,3,1,0,3,0,YES
01432,boundary_complete,9,3,3,6,0,3,0,YES
01434,boundary_complete,9,2,2,7,0,2,0,YES
01436,boundary_complete,14,4,4,10,0,4,0,YES
01438,boundary_complete,20,5,5,15,0,5,0,YES
01440,boundary_complete,22,15,15,7,0,15,0,YES
01450,boundary_complete,2,1,1,1,0,1,0,YES
01451,boundary_complete,11,6,6,5,0,6,0,YES
01452,boundary_complete,6,6,6,0,0,6,0,YES
01453,boundary_complete,28,23,23,5,0,23,0,YES
01460,boundary_complete,18,14,14,4,0,14,0,YES
01462,boundary_complete,14,5,5,9,0,5,0,YES
01463,boundary_complete,1,1,1,0,0,1,0,YES
01464,boundary_complete,3,2,2,1,0,2,0,YES
01467,not_measured,10,0,0,,0,0,0,PRESERVES_LEGACY
01468,boundary_complete,9,8,7,2,1,8,0,YES
01469,boundary_complete,2,1,1,1,0,1,0,YES
01470,not_measured,2,0,0,,0,0,0,PRESERVES_LEGACY
01471,not_measured,2,0,0,,0,0,0,PRESERVES_LEGACY
01472,not_measured,3,0,0,,0,0,0,PRESERVES_LEGACY
01473,boundary_complete,12,13,12,0,1,13,0,YES
01474,boundary_complete,6,1,1,5,0,1,0,YES
01475,boundary_complete,10,10,10,0,0,10,0,YES
01501,boundary_complete,54,29,28,26,1,29,0,YES
01503,boundary_complete,18,4,4,14,0,4,0,YES
01504,boundary_complete,7,4,4,3,0,4,0,YES
01505,boundary_complete,15,6,6,9,0,6,0,YES
01506,boundary_complete,13,8,8,5,0,8,0,YES
01507,boundary_complete,18,24,17,1,7,24,0,YES
01508,not_measured,22,0,0,,0,0,0,PRESERVES_LEGACY
01509,not_measured,21,0,0,,0,0,0,PRESERVES_LEGACY
01510,boundary_complete,8,3,3,5,0,3,0,YES
01515,boundary_complete,12,5,5,7,0,5,0,YES
01516,boundary_complete,7,34,6,1,28,34,0,YES
01518,boundary_complete,29,18,18,11,0,18,0,YES
01519,boundary_complete,24,9,9,15,0,9,0,YES
01520,boundary_complete,17,10,10,7,0,10,0,YES
01521,boundary_complete,6,12,3,3,9,12,0,YES
01522,boundary_complete,10,2,2,8,0,2,0,YES
01523,boundary_complete,12,13,5,7,8,13,0,YES
01524,boundary_complete,4,2,2,2,0,2,0,YES
01525,boundary_complete,12,0,0,12,0,0,0,YES
01526,not_measured,8,0,0,,0,0,0,PRESERVES_LEGACY
01527,boundary_complete,43,21,21,22,0,21,0,YES
01529,boundary_complete,14,5,5,9,0,5,0,YES
01531,boundary_complete,3,4,3,0,1,4,0,YES
01532,boundary_complete,21,13,13,8,0,13,0,YES
01534,boundary_complete,13,3,3,10,0,3,0,YES
01535,boundary_complete,6,0,0,6,0,0,0,YES
01536,boundary_complete,24,10,9,15,1,10,0,YES
01537,boundary_complete,32,15,15,17,0,15,0,YES
01538,not_measured,14,0,0,,0,0,0,PRESERVES_LEGACY
01540,boundary_complete,8,7,7,1,0,7,0,YES
01541,boundary_complete,3,4,3,0,1,4,0,YES
01542,boundary_complete,23,1,1,22,0,1,0,YES
01543,boundary_complete,6,5,4,2,1,5,0,YES
01545,boundary_complete,27,16,16,11,0,16,0,YES
01546,not_measured,7,0,0,,0,0,0,PRESERVES_LEGACY
01550,boundary_complete,15,37,8,7,29,37,0,YES
01560,boundary_complete,16,1,1,15,0,1,0,YES
01561,boundary_complete,11,0,0,11,0,0,0,YES
01562,boundary_complete,9,7,7,2,0,7,0,YES
01564,boundary_complete,13,11,11,2,0,11,0,YES
01566,boundary_complete,36,31,22,14,9,31,0,YES
01568,boundary_complete,12,11,5,7,6,11,0,YES
01569,boundary_complete,16,15,15,1,0,15,0,YES
01570,boundary_complete,9,34,6,3,28,34,0,YES
01571,boundary_complete,10,31,3,7,28,31,0,YES
01581,boundary_complete,27,21,20,7,1,21,0,YES
01583,boundary_complete,20,10,10,10,0,10,0,YES
01585,boundary_complete,18,14,12,6,2,14,0,YES
01586,not_measured,39,0,0,,0,0,0,PRESERVES_LEGACY
01588,boundary_complete,15,5,5,10,0,5,0,YES
01590,boundary_complete,6,10,6,0,4,10,0,YES
01601,not_measured,69,0,0,,0,0,0,PRESERVES_LEGACY
01602,boundary_complete,1327,5,5,1322,0,5,0,YES
01603,boundary_complete,923,5,5,918,0,5,0,YES
01604,boundary_complete,1695,23,23,1672,0,23,0,YES
01605,boundary_complete,1065,21,21,1044,0,21,0,YES
01606,boundary_complete,1319,7,7,1312,0,7,0,YES
01607,boundary_complete,358,14,14,344,0,14,0,YES
01608,boundary_complete,187,10,10,177,0,10,0,YES
01609,boundary_complete,738,7,7,731,0,7,0,YES
01610,boundary_complete,591,20,20,571,0,20,0,YES
01611,boundary_complete,29,0,0,29,0,0,0,YES
01612,boundary_complete,3,1,1,2,0,1,0,YES
01613,not_measured,55,0,0,,0,0,0,PRESERVES_LEGACY
01614,not_measured,69,0,0,,0,0,0,PRESERVES_LEGACY
01615,not_measured,69,0,0,,0,0,0,PRESERVES_LEGACY
01653,not_measured,7,0,0,,0,0,0,PRESERVES_LEGACY
01655,not_measured,7,0,0,,0,0,0,PRESERVES_LEGACY
01701,boundary_complete,37,19,18,19,1,19,0,YES
01702,boundary_complete,36,26,24,12,2,26,0,YES
01703,not_measured,15,0,0,,0,0,0,PRESERVES_LEGACY
01704,not_measured,15,0,0,,0,0,0,PRESERVES_LEGACY
01705,not_measured,15,0,0,,0,0,0,PRESERVES_LEGACY
01718,boundary_complete,13,1,1,12,0,1,0,YES
01719,boundary_complete,13,6,6,7,0,6,0,YES
01720,boundary_complete,20,8,8,12,0,8,0,YES
01721,boundary_complete,34,11,11,23,0,11,0,YES
01730,boundary_complete,28,12,12,16,0,12,0,YES
01731,boundary_complete,29,0,0,29,0,0,0,YES
01740,boundary_complete,8,5,5,3,0,5,0,YES
01741,boundary_complete,6,1,1,5,0,1,0,YES
01742,boundary_complete,15,10,10,5,0,10,0,YES
01745,boundary_complete,33,3,3,30,0,3,0,YES
01746,boundary_complete,11,6,6,5,0,6,0,YES
01747,boundary_complete,15,2,2,13,0,2,0,YES
01748,boundary_complete,17,21,16,1,5,21,0,YES
01749,boundary_complete,23,12,12,11,0,12,0,YES
01752,boundary_complete,27,20,20,7,0,20,0,YES
01754,boundary_complete,16,4,4,12,0,4,0,YES
01756,boundary_complete,3,1,1,2,0,1,0,YES
01757,boundary_complete,17,14,14,3,0,14,0,YES
01760,boundary_complete,33,20,20,13,0,20,0,YES
01770,boundary_complete,13,1,1,12,0,1,0,YES
01772,boundary_complete,34,23,23,11,0,23,0,YES
01773,boundary_complete,15,5,5,10,0,5,0,YES
01775,boundary_complete,12,4,4,8,0,4,0,YES
01776,boundary_complete,9,8,8,1,0,8,0,YES
01778,boundary_complete,30,16,16,14,0,16,0,YES
01784,not_measured,26,0,0,,0,0,0,PRESERVES_LEGACY
01801,boundary_complete,46,19,19,27,0,19,0,YES
01803,boundary_complete,33,17,17,16,0,17,0,YES
01805,not_measured,32,0,0,,0,0,0,PRESERVES_LEGACY
01810,boundary_complete,24,19,18,6,1,19,0,YES
01812,not_measured,28,0,0,,0,0,0,PRESERVES_LEGACY
01813,not_measured,49,0,0,,0,0,0,PRESERVES_LEGACY
01815,not_measured,49,0,0,,0,0,0,PRESERVES_LEGACY
01821,boundary_complete,21,14,14,7,0,14,0,YES
01822,not_measured,18,0,0,,0,0,0,PRESERVES_LEGACY
01824,boundary_complete,32,28,28,4,0,28,0,YES
01825,not_measured,17,0,0,,0,0,0,PRESERVES_LEGACY
01826,boundary_complete,22,4,4,18,0,4,0,YES
01827,boundary_complete,8,3,3,5,0,3,0,YES
01830,boundary_complete,19,10,9,10,1,10,0,YES
01831,not_measured,19,0,0,,0,0,0,PRESERVES_LEGACY
01832,boundary_complete,19,5,5,14,0,5,0,YES
01833,boundary_complete,9,7,7,2,0,7,0,YES
01834,boundary_complete,11,2,2,9,0,2,0,YES
01835,boundary_complete,23,7,7,16,0,7,0,YES
01840,boundary_complete,47,6,6,41,0,6,0,YES
01841,boundary_complete,48,13,13,35,0,13,0,YES
01842,not_measured,47,0,0,,0,0,0,PRESERVES_LEGACY
01843,boundary_complete,45,10,10,35,0,10,0,YES
01844,boundary_complete,43,17,17,26,0,17,0,YES
01845,boundary_complete,29,8,8,21,0,8,0,YES
01850,boundary_complete,39,5,5,34,0,5,0,YES
01851,boundary_complete,51,10,10,41,0,10,0,YES
01852,boundary_complete,48,20,20,28,0,20,0,YES
01853,not_measured,49,0,0,,0,0,0,PRESERVES_LEGACY
01854,boundary_complete,44,11,11,33,0,11,0,YES
01860,boundary_complete,8,5,5,3,0,5,0,YES
01862,boundary_complete,32,7,7,25,0,7,0,YES
01863,boundary_complete,29,6,6,23,0,6,0,YES
01864,boundary_complete,13,5,5,8,0,5,0,YES
01865,not_measured,19,0,0,,0,0,0,PRESERVES_LEGACY
01866,not_measured,33,0,0,,0,0,0,PRESERVES_LEGACY
01867,boundary_complete,45,20,20,25,0,20,0,YES
01876,boundary_complete,28,22,22,6,0,22,0,YES
01879,boundary_complete,14,9,9,5,0,9,0,YES
01880,boundary_complete,49,18,18,31,0,18,0,YES
01885,not_measured,7,0,0,,0,0,0,PRESERVES_LEGACY
01886,boundary_complete,19,17,16,3,1,17,0,YES
01887,boundary_complete,30,21,21,9,0,21,0,YES
01888,not_measured,49,0,0,,0,0,0,PRESERVES_LEGACY
01889,not_measured,23,0,0,,0,0,0,PRESERVES_LEGACY
01890,boundary_complete,41,7,7,34,0,7,0,YES
01899,not_measured,24,0,0,,0,0,0,PRESERVES_LEGACY
01901,boundary_complete,26,1,1,25,0,1,0,YES
01902,boundary_complete,27,6,6,21,0,6,0,YES
01903,not_measured,26,0,0,,0,0,0,PRESERVES_LEGACY
01904,boundary_complete,45,7,7,38,0,7,0,YES
01905,boundary_complete,32,10,10,22,0,10,0,YES
01906,boundary_complete,34,14,14,20,0,14,0,YES
01907,boundary_complete,21,1,1,20,0,1,0,YES
01908,boundary_complete,13,1,1,12,0,1,0,YES
01910,not_measured,34,0,0,,0,0,0,PRESERVES_LEGACY
01913,boundary_complete,16,12,12,4,0,12,0,YES
01915,boundary_complete,34,13,13,21,0,13,0,YES
01921,boundary_complete,8,7,7,1,0,7,0,YES
01922,boundary_complete,8,5,5,3,0,5,0,YES
01923,boundary_complete,44,20,20,24,0,20,0,YES
01929,boundary_complete,7,5,5,2,0,5,0,YES
01930,boundary_complete,9,9,8,1,1,9,0,YES
01931,not_measured,9,0,0,,0,0,0,PRESERVES_LEGACY
01936,not_measured,11,0,0,,0,0,0,PRESERVES_LEGACY
01937,boundary_complete,26,0,0,26,0,0,0,YES
01938,boundary_complete,9,9,8,1,1,9,0,YES
01940,boundary_complete,34,17,17,17,0,17,0,YES
01944,boundary_complete,6,4,4,2,0,4,0,YES
01945,boundary_complete,27,3,3,24,0,3,0,YES
01949,boundary_complete,15,7,7,8,0,7,0,YES
01950,boundary_complete,20,7,7,13,0,7,0,YES
01951,boundary_complete,4,3,2,2,1,3,0,YES
01952,boundary_complete,15,8,8,7,0,8,0,YES
01960,boundary_complete,46,20,19,27,1,20,0,YES
01961,not_measured,11,0,0,,0,0,0,PRESERVES_LEGACY
01965,boundary_complete,9,1,1,8,0,1,0,YES
01966,boundary_complete,5,1,1,4,0,1,0,YES
01969,boundary_complete,10,4,4,6,0,4,0,YES
01970,boundary_complete,48,20,20,28,0,20,0,YES
01971,not_measured,11,0,0,,0,0,0,PRESERVES_LEGACY
01982,boundary_complete,11,4,4,7,0,4,0,YES
01983,boundary_complete,14,7,7,7,0,7,0,YES
01984,boundary_complete,15,4,4,11,0,4,0,YES
01985,boundary_complete,11,3,3,8,0,3,0,YES
06226,boundary_complete,94,76,76,18,0,76,0,YES
06231,boundary_complete,47,33,33,14,0,33,0,YES
06232,boundary_complete,53,52,51,2,1,52,0,YES
06234,boundary_complete,40,37,36,4,1,37,0,YES
06235,boundary_complete,44,34,34,10,0,34,0,YES
06237,boundary_complete,67,56,55,12,1,56,0,YES
06238,boundary_complete,64,61,49,15,12,61,0,YES
06239,boundary_complete,52,48,46,6,2,48,0,YES
06241,boundary_complete,55,51,50,5,1,51,0,YES
06242,boundary_complete,36,54,35,1,19,54,0,YES
06243,boundary_complete,34,30,30,4,0,30,0,YES
06247,boundary_complete,32,33,30,2,3,33,0,YES
06248,boundary_complete,51,47,47,4,0,47,0,YES
06249,boundary_complete,31,37,29,2,8,37,0,YES
06250,boundary_complete,90,71,68,22,3,71,0,YES
06254,boundary_complete,49,43,40,9,3,43,0,YES
06255,boundary_complete,48,42,41,7,1,42,0,YES
06256,boundary_complete,72,43,43,29,0,43,0,YES
06258,boundary_complete,60,27,27,33,0,27,0,YES
06259,boundary_complete,49,52,49,0,3,52,0,YES
06260,boundary_complete,62,56,55,7,1,56,0,YES
06262,boundary_complete,35,30,30,5,0,30,0,YES
06263,boundary_complete,66,27,27,39,0,27,0,YES
06264,boundary_complete,36,31,31,5,0,31,0,YES
06266,boundary_complete,51,32,32,19,0,32,0,YES
06268,boundary_complete,74,68,67,7,1,68,0,YES
06269,boundary_complete,76,38,38,38,0,38,0,YES
06277,boundary_complete,43,42,42,1,0,42,0,YES
06278,boundary_complete,38,58,37,1,21,58,0,YES
06279,boundary_complete,79,73,73,6,0,73,0,YES
06280,boundary_complete,65,40,38,27,2,40,0,YES
06281,boundary_complete,36,54,35,1,19,54,0,YES
06282,boundary_complete,60,47,47,13,0,47,0,YES
06320,boundary_complete,96,65,65,31,0,65,0,YES
06330,boundary_complete,56,36,35,21,1,36,0,YES
06331,boundary_complete,41,39,39,2,0,39,0,YES
06332,boundary_complete,64,39,39,25,0,39,0,YES
06333,boundary_complete,58,54,49,9,5,54,0,YES
06334,boundary_complete,62,37,37,25,0,37,0,YES
06335,boundary_complete,54,33,33,21,0,33,0,YES
06336,boundary_complete,41,31,31,10,0,31,0,YES
06338,boundary_complete,46,31,31,15,0,31,0,YES
06339,boundary_complete,38,39,37,1,2,39,0,YES
06340,boundary_complete,96,78,75,21,3,78,0,YES
06350,boundary_complete,42,27,27,15,0,27,0,YES
06351,boundary_complete,55,66,55,0,11,66,0,YES
06353,boundary_complete,68,29,29,39,0,29,0,YES
06354,boundary_complete,64,50,49,15,1,50,0,YES
06355,boundary_complete,70,60,60,10,0,60,0,YES
06357,boundary_complete,70,51,51,19,0,51,0,YES
06359,boundary_complete,56,55,52,4,3,55,0,YES
06360,boundary_complete,92,86,82,10,4,86,0,YES
06365,boundary_complete,56,54,48,8,6,54,0,YES
06370,boundary_complete,44,39,39,5,0,39,0,YES
06371,boundary_complete,58,53,50,8,3,53,0,YES
06373,boundary_complete,35,28,28,7,0,28,0,YES
06374,boundary_complete,61,52,50,11,2,52,0,YES
06375,boundary_complete,84,39,39,45,0,39,0,YES
06376,boundary_complete,49,27,27,22,0,27,0,YES
06377,boundary_complete,46,31,31,15,0,31,0,YES
06378,boundary_complete,64,45,44,20,1,45,0,YES
06379,boundary_complete,56,47,47,9,0,47,0,YES
06380,boundary_complete,76,34,34,42,0,34,0,YES
06382,boundary_complete,64,53,53,11,0,53,0,YES
06384,boundary_complete,43,36,36,7,0,36,0,YES
06385,boundary_complete,89,61,56,33,5,61,0,YES
06387,boundary_complete,58,30,30,28,0,30,0,YES
06389,boundary_complete,77,41,41,36,0,41,0,YES
06390,boundary_complete,0,7,0,0,7,7,0,YES
52003,boundary_complete,0,1,0,0,1,1,0,YES
52068,boundary_complete,5,2,2,3,0,2,0,YES
