zip3,pages,fully_populated,pct_fully_populated,adjudicated,pending,terminal,placed_by_polygon,boundary_first_probed
010,69,69,100.0,1689,0,0,630,yes
011,22,22,100.0,1434,0,0,0,no
012,37,37,100.0,490,0,0,0,no
013,4,4,100.0,37,0,0,0,no
014,26,26,100.0,260,0,0,0,no
015,51,51,100.0,833,0,0,0,no
016,17,17,100.0,847,0,7593,0,no
017,31,31,100.0,618,0,0,0,no
018,47,47,100.0,1432,0,0,0,no
019,38,38,100.0,751,0,0,0,no
020,38,0,0.0,34,503,0,0,no
021,57,1,1.8,15992,5412,0,4562,yes
022,7,0,0.0,1772,1028,0,0,no
023,44,0,0.0,1,633,0,0,no
024,36,1,2.8,3864,1440,0,0,no
025,18,0,0.0,0,240,0,0,no
026,40,0,0.0,0,443,0,0,no
027,43,0,0.0,4,1032,0,0,no
028,63,63,100.0,2078,0,0,0,no
029,18,18,100.0,2434,0,0,0,no
030,34,0,0.0,0,144,0,0,no
031,7,0,0.0,0,102,0,0,no
032,49,0,0.0,0,112,0,0,no
033,4,0,0.0,0,26,0,0,no
034,19,0,0.0,0,39,0,0,no
035,15,0,0.0,0,41,0,0,no
036,5,0,0.0,0,11,0,0,no
037,20,0,0.0,0,52,0,0,no
038,58,0,0.0,0,202,0,0,no
039,10,0,0.0,0,47,0,0,no
040,49,0,0.0,0,216,0,0,no
041,9,0,0.0,0,165,0,0,no
042,18,0,0.0,0,104,0,0,no
043,19,0,0.0,0,104,0,0,no
044,38,0,0.0,0,154,0,0,no
045,23,0,0.0,0,67,0,0,no
046,23,0,0.0,0,53,0,0,no
047,3,0,0.0,0,7,0,0,no
048,16,0,0.0,0,65,0,0,no
049,25,0,0.0,0,78,0,0,no
050,35,7,20.0,47,60,0,0,no
051,14,4,28.6,51,22,0,0,no
052,7,0,0.0,5,13,0,0,no
053,17,5,29.4,14,20,0,0,no
054,32,4,12.5,15551,194,0,0,no
055,2,2,100.0,56,0,0,0,no
056,30,1,3.3,62,99,0,0,no
057,34,5,14.7,27,71,0,0,no
058,2,0,0.0,2,3,0,0,no
060,61,0,0.0,1316,2774,3,0,no
061,14,0,0.0,561,1791,3866,0,no
062,33,33,100.0,1797,0,0,0,no
063,35,35,100.0,2130,0,0,0,no
064,54,0,0.0,1825,2608,0,0,no
065,12,0,0.0,158,1500,0,0,no
066,10,0,0.0,67,1089,0,0,no
067,38,0,0.0,378,2044,0,0,no
068,25,0,0.0,307,1990,0,0,no
069,6,0,0.0,235,551,0,0,no
070,64,0,0.0,0,169,0,0,no
071,12,0,0.0,0,41,0,0,no
072,7,0,0.0,0,26,0,0,no
073,7,0,0.0,0,10,0,0,no
074,10,0,0.0,0,22,0,0,no
076,28,0,0.0,0,141,0,0,no
077,33,0,0.0,0,98,0,0,no
078,13,0,0.0,0,43,0,0,no
079,21,0,0.0,0,47,0,0,no
085,11,0,0.0,0,25,0,0,no
086,12,0,0.0,0,62,0,0,no
087,17,0,0.0,0,40,0,0,no
088,30,0,0.0,0,89,0,0,no
089,2,0,0.0,0,2,0,0,no
100,52,0,0.0,23659,1026,0,0,no
101,39,0,0.0,1196,599,0,0,no
102,9,0,0.0,194,215,0,0,no
103,13,0,0.0,7028,99,0,0,no
104,25,0,0.0,7677,612,0,0,no
105,63,0,0.0,72,493,0,0,no
106,6,0,0.0,20,108,0,0,no
107,9,0,0.0,37,107,0,0,no
108,4,0,0.0,7,36,0,0,no
109,26,0,0.0,39,168,0,0,no
110,14,0,0.0,487,209,0,0,no
111,7,0,0.0,1996,208,0,0,no
112,44,0,0.0,21141,717,0,0,no
113,27,0,0.0,10334,744,0,0,no
114,23,0,0.0,5840,400,0,0,no
115,38,0,0.0,85,479,0,0,no
116,5,2,40.0,1044,7,0,0,no
117,73,0,0.0,156,1079,0,0,no
118,3,0,0.0,9,74,0,0,no
119,42,0,0.0,6,174,0,0,no
120,18,2,11.1,20,41,0,0,no
121,16,1,6.2,9,43,0,0,no
122,12,0,0.0,44,107,0,0,no
123,5,0,0.0,7,20,0,0,no
124,2,2,100.0,2,0,0,0,no
125,23,0,0.0,8,72,0,0,no
126,3,0,0.0,3,19,0,0,no
128,8,0,0.0,3,25,0,0,no
140,25,7,28.0,34,34,0,0,no
141,11,1,9.1,11,30,0,0,no
142,29,1,3.4,744,282,0,0,no
144,11,1,9.1,10,27,0,0,no
145,12,1,8.3,12,27,0,0,no
146,25,0,0.0,69,161,0,0,no
150,41,0,0.0,713,516,0,0,no
151,28,0,0.0,635,580,0,0,no
152,43,0,0.0,6425,1576,0,0,no
153,2,0,0.0,31,21,0,0,no
156,2,0,0.0,36,18,0,0,no
160,3,0,0.0,14,21,0,0,no
166,3,0,0.0,21,99,0,0,no
168,32,0,0.0,148,7201,0,0,no
170,24,4,16.7,394,126,0,0,no
171,10,0,0.0,236,268,0,0,no
173,36,5,13.9,1756,123,0,0,no
174,7,0,0.0,823,84,0,0,no
175,47,0,0.0,313,232,0,0,no
176,4,0,0.0,65,62,0,0,no
179,2,0,0.0,10,2,0,0,no
180,34,0,0.0,204,784,0,0,no
181,7,0,0.0,4223,213,0,0,no
189,39,0,0.0,195,769,0,0,no
190,68,0,0.0,1128,8325,0,0,no
191,50,0,0.0,11840,2726,0,0,no
193,34,0,0.0,264,2619,0,0,no
194,32,0,0.0,323,3628,0,0,no
195,12,0,0.0,102,239,0,0,no
197,19,19,100.0,5869,0,0,0,no
198,10,10,100.0,1982,0,0,0,no
199,39,17,43.6,3408,457,0,0,no
201,44,7,15.9,45639,256,4388,0,no
206,15,13,86.7,23,2,9,0,no
207,49,36,73.5,250,1490,159,0,no
208,40,40,100.0,6140,0,0,0,no
209,8,8,100.0,2266,0,0,0,no
210,45,33,73.3,413,3449,0,0,no
211,27,19,70.4,556,2498,0,0,no
212,31,24,77.4,1542,692,0,0,no
214,5,0,0.0,28,1075,0,0,no
216,10,10,100.0,93,0,0,0,no
217,20,16,80.0,24,4,0,0,no
220,19,2,10.5,27,447,10437,0,no
221,16,1,6.2,14,252,6976,0,no
222,11,2,18.2,25,360,1414,0,no
223,11,2,18.2,14,328,4316,0,no
224,2,0,0.0,9,42,0,0,no
225,2,0,0.0,2,21,0,0,no
226,4,0,0.0,0,14,0,0,no
227,5,0,0.0,4,19,0,0,no
229,17,0,0.0,8,118,0,0,no
230,3,0,0.0,2,44,0,0,no
231,5,0,0.0,7,38,0,0,no
232,18,0,0.0,23,659,0,0,no
234,12,1,8.3,7,130,15387,0,no
238,6,0,0.0,6,80,0,0,no
245,2,0,0.0,0,2,0,0,no
249,10,0,0.0,0,30,0,0,no
250,23,0,0.0,0,95,0,0,no
251,21,0,0.0,0,108,0,0,no
252,6,0,0.0,0,18,0,0,no
253,14,0,0.0,0,267,0,0,no
254,18,0,0.0,0,117,0,0,no
255,11,0,0.0,0,65,0,0,no
257,6,0,0.0,0,100,0,0,no
258,21,0,0.0,0,119,0,0,no
259,17,0,0.0,0,60,0,0,no
261,11,0,0.0,0,47,0,0,no
262,1,0,0.0,0,2,0,0,no
263,10,0,0.0,0,97,0,0,no
264,9,0,0.0,0,46,0,0,no
265,20,0,0.0,0,153,0,0,no
266,1,0,0.0,0,3,0,0,no
272,5,0,0.0,0,15,0,0,no
273,5,0,0.0,0,23,0,0,no
275,31,10,32.3,8577,153,0,0,no
276,17,4,23.5,7396,197,0,0,no
277,9,0,0.0,37385,125,0,0,no
280,11,0,0.0,1279,697,0,0,no
281,12,0,0.0,139,320,0,0,no
282,29,0,0.0,0,19804,0,0,no
284,24,8,33.3,153486,37599,0,0,no
287,13,1,7.7,228,49,0,0,no
288,5,1,20.0,4372,44,0,0,no
290,18,0,0.0,0,142,0,0,no
291,9,0,0.0,0,89,0,0,no
292,13,0,0.0,0,431,0,0,no
293,32,0,0.0,0,270,0,0,no
294,47,0,0.0,33069,1169,0,0,no
295,16,0,0.0,0,104,0,0,no
296,24,0,0.0,0,324,0,0,no
297,15,0,0.0,0,134,0,0,no
299,14,0,0.0,0,159,0,0,no
300,53,13,24.5,159119,899,0,0,no
301,20,0,0.0,0,223,0,0,no
302,15,2,13.3,3000,125,0,0,no
303,38,7,18.4,134272,549,0,0,no
305,9,0,0.0,0,66,0,0,no
306,9,0,0.0,0,74,0,0,no
307,1,0,0.0,0,6,0,0,no
313,2,2,100.0,93,0,0,0,no
314,12,2,16.7,3489,33,0,0,no
320,5,0,0.0,0,10,0,0,no
322,1,0,0.0,0,4,0,0,no
327,6,0,0.0,0,16,0,0,no
328,25,0,0.0,0,125,0,0,no
330,37,0,0.0,0,232,0,0,no
331,60,0,0.0,35110,418,0,0,no
333,28,0,0.0,0,158,0,0,no
334,48,0,0.0,0,172,0,0,no
335,25,0,0.0,0,84,0,0,no
336,26,0,0.0,0,97,0,0,no
337,32,0,0.0,0,81,0,0,no
338,2,0,0.0,0,3,0,0,no
339,33,0,0.0,0,4699,0,0,no
341,13,0,0.0,0,55,0,0,no
342,23,0,0.0,0,45,0,0,no
346,8,0,0.0,0,35,0,0,no
347,6,0,0.0,0,13,0,0,no
350,16,6,37.5,12,11,0,0,no
351,11,2,18.2,4,9,0,0,no
352,23,7,30.4,33,22,0,0,no
354,8,1,12.5,2,9,0,0,no
355,3,1,33.3,1,4,0,0,no
356,13,5,38.5,1504,9,0,0,no
357,12,9,75.0,19303,3,0,0,no
358,11,11,100.0,71113,0,0,0,no
360,4,1,25.0,1,6,0,0,no
361,13,4,30.8,8,9,0,0,no
365,16,4,25.0,9,15,0,0,no
366,14,0,0.0,12,19,0,0,no
368,7,5,71.4,9,3,0,0,no
370,37,9,24.3,1240,129,0,0,no
371,22,7,31.8,2384,138,0,0,no
372,23,22,95.7,5988,25,0,0,no
373,15,14,93.3,7826,6,0,0,no
374,16,16,100.0,37211,0,0,0,no
377,6,5,83.3,309,1,0,0,no
378,6,6,100.0,617,0,0,0,no
379,19,18,94.7,7814,17,0,0,no
380,10,9,90.0,3408,4,0,0,no
381,31,31,100.0,44506,0,0,0,no
384,7,0,0.0,0,14,0,0,no
386,10,10,100.0,0,0,2708,0,no
400,15,0,0.0,788,134,0,0,no
401,6,0,0.0,86,29,0,0,no
402,34,5,14.7,6873,541,0,0,no
403,4,0,0.0,0,15,0,0,no
404,3,0,0.0,0,15,0,0,no
405,16,3,18.8,9277,182,0,0,no
410,26,0,0.0,0,1733,0,0,no
421,6,0,0.0,0,32,0,0,no
422,2,0,0.0,0,8,0,0,no
423,8,0,0.0,0,37,0,0,no
430,22,4,18.2,2326,29,0,0,no
431,10,0,0.0,1143,20,0,0,no
432,30,0,0.0,11187,160,0,0,no
433,3,0,0.0,0,5,0,0,no
434,3,0,0.0,0,6,0,0,no
435,11,0,0.0,1,37,0,0,no
436,16,0,0.0,16,149,0,0,no
440,8,0,0.0,15,44,0,0,no
441,47,1,2.1,90131,380,0,0,no
442,26,1,3.8,9,86,0,0,no
443,18,0,0.0,1,123,0,0,no
446,3,0,0.0,0,7,0,0,no
447,1,0,0.0,1,4,0,0,no
450,31,1,3.2,4,213,0,0,no
451,7,1,14.3,7,15,0,0,no
452,45,0,0.0,19,562,2866,0,no
453,7,0,0.0,0,17,0,0,no
454,26,0,0.0,0,220,0,0,no
460,19,0,0.0,0,145,0,0,no
461,28,0,0.0,0,223,0,0,no
462,38,0,0.0,0,709,0,0,no
463,30,0,0.0,26,368,0,0,no
464,9,0,0.0,0,183,0,0,no
467,17,0,0.0,0,125,0,0,no
468,16,0,0.0,0,460,0,0,no
469,1,0,0.0,0,9,0,0,no
472,1,0,0.0,0,3,0,0,no
474,17,0,0.0,0,179,0,0,no
479,18,0,0.0,0,161,0,0,no
480,44,5,11.4,148,73,0,0,no
481,65,17,26.2,1846,82,0,0,no
482,42,2,4.8,22570,229,0,0,no
483,49,7,14.3,2622,77,0,0,no
484,12,7,58.3,10,7,0,0,no
485,12,0,0.0,445,62,0,0,no
488,15,2,13.3,133,32,0,0,no
489,9,0,0.0,337,48,0,0,no
492,3,1,33.3,2,3,0,0,no
493,7,2,28.6,8,10,0,0,no
494,16,1,6.2,246,38,0,0,no
495,21,3,14.3,461,88,0,0,no
500,12,1,8.3,12,17,0,0,no
501,4,0,0.0,0,4,0,0,no
502,5,1,20.0,2,4,0,0,no
503,14,1,7.1,14,32,0,0,no
506,4,1,25.0,1,3,0,0,no
507,4,0,0.0,8,12,0,0,no
515,16,3,18.8,23,41,0,0,no
520,1,1,100.0,2,0,0,0,no
522,9,0,0.0,13,35,0,0,no
523,8,1,12.5,11,21,0,0,no
524,5,0,0.0,3,7,0,0,no
527,3,2,66.7,2,4,0,0,no
528,6,2,33.3,7,10,0,0,no
530,34,0,0.0,0,174,0,0,no
531,39,0,0.0,0,196,0,0,no
532,30,0,0.0,0,750,0,0,no
534,5,0,0.0,0,29,0,0,no
535,29,0,0.0,82,118,0,0,no
537,14,0,0.0,2021,167,0,0,no
539,2,0,0.0,0,7,0,0,no
541,13,0,0.0,0,105,0,0,no
542,2,0,0.0,0,3,0,0,no
543,7,0,0.0,0,141,0,0,no
547,14,0,0.0,0,108,0,0,no
549,12,0,0.0,0,68,0,0,no
550,29,0,0.0,0,111,0,0,no
551,27,0,0.0,1962,330,0,0,no
553,41,0,0.0,0,131,0,0,no
554,42,0,0.0,41031,1712,0,0,no
559,10,0,0.0,0,28,0,0,no
561,1,0,0.0,0,1,0,0,no
563,14,0,0.0,0,36,0,0,no
567,1,0,0.0,0,2,0,0,no
570,32,1,3.1,8004,248,0,0,no
571,9,0,0.0,92841,2341,0,0,no
572,11,0,0.0,2,28,0,0,no
573,3,0,0.0,1,12,0,0,no
574,12,1,8.3,5,32,0,0,no
576,1,0,0.0,0,2,0,0,no
577,27,0,0.0,12,73,0,0,no
581,1,1,100.0,1,0,0,0,no
585,4,4,100.0,1020,0,0,0,no
588,3,3,100.0,3,0,0,0,no
590,9,0,0.0,0,13,0,0,no
591,3,0,0.0,0,16,0,0,no
592,1,0,0.0,0,1,0,0,no
594,8,0,0.0,0,43,0,0,no
596,5,0,0.0,0,23,0,0,no
597,9,0,0.0,0,604,0,0,no
598,23,0,0.0,60627,1883,0,0,no
599,5,0,0.0,265,11,0,0,no
600,77,19,24.7,321,232,204,0,no
601,69,5,7.2,278,248,43,0,no
602,5,0,0.0,322,14,8,0,no
603,6,0,0.0,1014,36,5,0,no
604,67,7,10.4,1546,189,181,0,no
605,45,6,13.3,101,97,1050,0,no
606,83,10,12.0,90027,357,12,0,no
607,5,0,0.0,1305,17,5,0,no
608,4,1,25.0,591,21,10,0,no
610,4,0,0.0,3,12,0,0,no
611,19,0,0.0,22,84,0,0,no
618,14,3,21.4,4,250,0,0,no
620,23,0,0.0,11,95,0,0,no
622,4,0,0.0,0,15,0,0,no
630,52,0,0.0,12,345,0,0,no
631,46,0,0.0,29,691,0,0,no
633,13,0,0.0,0,71,0,0,no
636,2,0,0.0,0,8,0,0,no
640,34,0,0.0,0,463,0,0,no
641,51,0,0.0,3716,12712,0,0,no
644,1,0,0.0,0,1,0,0,no
647,4,0,0.0,0,10,0,0,no
650,2,0,0.0,7,5,0,0,no
652,11,0,0.0,11529,75,0,0,no
654,1,0,0.0,0,7,0,0,no
656,4,0,0.0,0,21,0,0,no
657,8,0,0.0,0,19,0,0,no
658,9,0,0.0,0,77,0,0,no
660,33,0,0.0,0,11703,0,0,no
661,12,0,0.0,0,2371,0,0,no
662,25,0,0.0,0,148286,0,0,no
664,7,2,28.6,1083,44,0,0,no
665,12,0,0.0,857,69,0,0,no
666,18,0,0.0,82719,278,0,0,no
668,2,0,0.0,8,6,0,0,no
669,1,0,0.0,0,2,0,0,no
670,21,2,9.5,784,105,0,0,no
671,13,0,0.0,496,59,0,0,no
672,27,0,0.0,0,390,0,0,no
674,1,0,0.0,0,10,0,0,no
675,15,0,0.0,0,42,0,0,no
680,31,1,3.2,7,82,0,0,no
681,37,0,0.0,63,274,0,0,no
683,12,3,25.0,54,16,0,0,no
684,15,2,13.3,112,22,0,0,no
685,23,3,13.0,2463,81,0,0,no
686,8,1,12.5,2,10,0,0,no
687,1,0,0.0,0,1,0,0,no
688,16,0,0.0,4,39,0,0,no
689,2,0,0.0,0,4,0,0,no
700,5,3,60.0,682,2,0,0,no
701,21,10,47.6,11902,20,0,0,no
707,6,5,83.3,184,1,0,0,no
708,18,18,100.0,1104,0,0,0,no
719,8,0,0.0,2,30,0,0,no
720,35,0,0.0,28,1113,0,0,no
721,31,0,0.0,24,1128,0,0,no
722,12,0,0.0,34,47404,0,0,no
724,17,0,0.0,30,146,0,0,no
725,1,0,0.0,0,1,0,0,no
727,34,1,2.9,31724,263,0,0,no
729,18,0,0.0,10,122,0,0,no
730,30,0,0.0,0,121,0,0,no
731,42,0,0.0,0,431,0,0,no
733,2,0,0.0,878,68,0,0,no
735,6,0,0.0,0,10,0,0,no
737,1,0,0.0,0,3,0,0,no
740,33,0,0.0,0,141,0,0,no
741,29,0,0.0,0,198,0,0,no
743,4,0,0.0,0,18,0,0,no
744,7,0,0.0,0,23,0,0,no
748,4,0,0.0,0,14,0,0,no
750,74,0,0.0,21752,3810,0,0,no
751,19,0,0.0,0,1570,0,0,no
752,67,0,0.0,39,16837,0,0,no
753,52,0,0.0,8,18274,0,0,no
754,6,0,0.0,0,140,0,0,no
760,36,0,0.0,67051,5214,0,0,no
761,59,0,0.0,13020,2657,0,0,no
762,20,0,0.0,7463,627,0,0,no
765,7,0,0.0,0,58,0,0,no
770,1,0,0.0,0,18,0,0,no
773,25,0,0.0,0,533,0,0,no
774,18,0,0.0,0,473,0,0,no
775,2,0,0.0,0,17,0,0,no
780,1,0,0.0,0,5,0,0,no
781,6,0,0.0,0,133,0,0,no
782,2,0,0.0,163,15,0,0,no
786,44,0,0.0,1825,710,5,0,no
787,79,0,0.0,69192,2823,0,0,no
798,7,0,0.0,71,99,0,0,no
799,62,0,0.0,1325,3548,0,0,no
800,14,12,85.7,22096,2,0,0,no
801,9,9,100.0,1728,0,0,0,no
802,28,8,28.6,30089,33,0,0,no
803,5,5,100.0,0,0,1183,0,no
805,11,0,0.0,0,1023,0,0,no
806,8,1,12.5,1146,369,0,0,no
808,3,3,100.0,115,0,0,0,no
809,26,21,80.8,3577,5,0,0,no
820,14,0,0.0,32,60,0,0,no
822,1,0,0.0,8,3,0,0,no
823,3,0,0.0,5,16,0,0,no
824,4,1,25.0,7,6,0,0,no
825,6,1,16.7,2,10,0,0,no
826,12,0,0.0,2,64,0,0,no
827,4,0,0.0,5,11,0,0,no
828,12,3,25.0,6473,35,0,0,no
829,8,0,0.0,5,25,0,0,no
830,3,0,0.0,2,17,0,0,no
831,2,0,0.0,1,4,0,0,no
833,13,1,7.7,13,26,0,0,no
834,12,0,0.0,29,41,0,0,no
835,2,0,0.0,0,5,0,0,no
836,19,1,5.3,5717,113,0,0,no
837,12,0,0.0,131,120,0,0,no
838,25,0,0.0,28,80,0,0,no
840,83,1,1.2,132,2114,0,0,no
841,23,0,0.0,1068,2313,0,0,no
843,34,2,5.9,11,336,0,0,no
844,10,0,0.0,99,658,0,0,no
845,23,0,0.0,2,142,0,0,no
846,49,0,0.0,208,642,0,0,no
847,60,0,0.0,4,520,0,0,no
850,44,5,11.4,78741,352,0,0,no
851,16,0,0.0,135,34,0,0,no
852,40,8,20.0,10860,437,0,0,no
853,41,2,4.9,11356,142,0,0,no
855,1,0,0.0,0,1,0,0,no
856,10,2,20.0,6,9,0,0,no
857,34,4,11.8,13442,188,0,0,no
859,9,0,0.0,0,52,0,0,no
860,18,0,0.0,0,1845,0,0,no
863,7,0,0.0,0,50,0,0,no
864,3,0,0.0,0,5,0,0,no
870,3,3,100.0,84,0,0,0,no
871,21,21,100.0,6869,0,0,0,no
885,77,0,0.0,1604,5485,0,0,no
890,36,0,0.0,10668,3973,0,7729,yes
891,45,0,0.0,2812,3067,0,0,no
893,1,0,0.0,0,1,0,0,no
894,30,0,0.0,35,477,0,0,no
895,12,0,0.0,419,538,0,0,no
897,5,0,0.0,0,174,0,0,no
898,10,0,0.0,0,32,0,0,no
902,1,0,0.0,0,5,0,0,no
906,2,0,0.0,0,24,0,0,no
907,4,0,0.0,0,42,0,0,no
913,4,0,0.0,0,14,0,0,no
919,19,3,15.8,1086,119,0,0,no
920,22,2,9.1,1743,111,0,0,no
921,43,17,39.5,22350,1029,0,0,no
925,1,0,0.0,0,6,0,0,no
926,9,1,11.1,5,78,0,0,no
927,7,6,85.7,242,16,0,0,no
928,18,15,83.3,725,63,796,0,no
930,11,0,0.0,0,142,0,0,no
932,1,0,0.0,0,1,0,0,no
934,26,3,11.5,16737,544,0,0,no
940,20,2,10.0,326,440,0,0,no
943,2,0,0.0,0,19,0,0,no
944,1,0,0.0,0,20,0,0,no
945,32,0,0.0,1,488,0,0,no
946,7,0,0.0,0,647,0,0,no
947,3,0,0.0,0,93,0,0,no
948,1,0,0.0,0,24,0,0,no
949,28,6,21.4,712,274,0,0,no
950,14,5,35.7,10915,165,0,0,no
951,28,15,53.6,61526,271,0,0,no
953,1,0,0.0,0,9,0,0,no
954,20,0,0.0,1479,191,0,0,no
967,65,0,0.0,0,560,0,0,no
968,20,0,0.0,0,1220,0,0,no
970,19,6,31.6,128,30,0,0,no
971,8,2,25.0,4,8,0,0,no
972,34,24,70.6,6887,65,0,0,no
973,22,9,40.9,3916,18,0,0,no
974,8,1,12.5,25,16,0,0,no
975,12,5,41.7,5101,8,0,0,no
977,5,1,20.0,7925,6,0,0,no
980,64,0,0.0,349,1007,0,0,no
981,47,0,0.0,6123,1753,0,0,no
982,52,0,0.0,0,358,0,0,no
983,30,8,26.7,6864,127,0,0,no
984,33,2,6.1,11535,300,0,0,no
985,19,5,26.3,1356,51,0,0,no
986,18,0,0.0,75,196,0,0,no
989,19,0,0.0,0,118,0,0,no
990,24,0,0.0,3377,86,0,0,no
992,23,1,4.3,3360,326,0,0,no
993,9,0,0.0,0,54,0,0,no
995,13,13,100.0,165,0,0,0,no
996,6,6,100.0,15,0,0,0,no
997,5,5,100.0,23,0,0,0,no
998,3,3,100.0,120,0,0,0,no
999,1,0,0.0,31,2,0,0,no
